Company,TypeName,Inches,ScreenResolution,Ram(GB),OpSys,Weight(kg),Price_euros,HDD,SSD,TouchScreen,IPS,PPI,CpuName,GpuBrand
1,1,13.3,11,8,2,1.37,1339.69,0,128,0,1,226.98,33,1
1,1,13.3,2,8,2,1.34,898.94,0,0,0,0,127.68,33,1
2,2,15.6,4,8,4,1.86,575.0,0,256,0,0,141.21,33,1
1,1,15.4,13,16,2,1.83,2537.45,0,512,0,1,220.53,34,0
1,1,13.3,11,8,2,1.37,1803.6,0,256,0,1,226.98,33,1
3,2,15.6,1,4,1,2.1,400.0,500,0,0,0,100.45,11,0
1,1,15.4,13,16,2,2.04,2139.97,0,0,0,1,220.53,34,1
1,1,13.3,2,8,2,1.34,1158.7,0,0,0,0,127.68,33,1
4,1,14.0,4,16,1,1.3,1495.0,0,512,0,0,157.35,34,2
3,1,14.0,4,8,1,1.6,770.0,0,256,0,1,157.35,33,1
2,2,15.6,1,4,4,1.86,393.9,500,0,0,0,100.45,33,1
2,2,15.6,4,4,4,1.86,344.99,500,0,0,0,141.21,32,1
1,1,15.4,13,16,2,1.83,2439.97,0,256,0,1,220.53,34,0
5,2,15.6,4,4,1,2.2,498.9,0,256,0,0,141.21,32,0
1,1,12.0,7,8,2,0.92,1262.4,0,256,0,1,226.42,31,1
1,1,13.3,11,8,2,1.37,1518.55,0,256,0,1,226.98,33,1
5,2,15.6,4,8,1,2.2,745.0,0,256,0,0,141.21,34,0
1,1,15.4,13,16,2,1.83,2858.0,0,512,0,1,220.53,34,0
6,2,15.6,4,8,4,2.2,499.0,1000,0,0,0,141.21,32,2
5,1,13.3,4,8,1,1.22,979.0,0,128,1,1,165.63,33,1
4,3,11.6,1,2,1,0.98,191.9,0,0,0,0,135.09,27,1
6,4,15.6,4,8,1,2.5,999.0,1000,128,0,1,141.21,33,2
2,2,15.6,1,4,4,1.86,258.0,500,0,0,0,100.45,19,0
5,5,13.3,4,8,1,1.62,819.0,0,256,1,0,165.63,33,1
2,1,15.6,4,8,1,1.91,659.0,0,256,0,0,141.21,34,1
5,2,15.6,1,4,1,2.3,418.64,1000,0,0,0,100.45,32,1
1,1,13.3,2,8,2,1.35,1099.0,0,0,0,0,127.68,33,1
5,2,15.6,4,8,1,2.2,800.0,0,256,0,0,141.21,33,0
5,1,15.6,4,8,1,1.88,1298.0,0,512,0,0,141.21,34,1
2,2,17.3,4,8,1,2.5,896.0,1000,0,0,0,127.34,33,2
7,2,15.6,4,4,1,1.89,244.99,0,0,0,0,141.21,26,1
4,2,14.0,1,2,1,1.65,199.0,0,0,0,0,111.94,17,0
2,2,17.3,4,4,1,2.71,439.0,500,0,0,0,127.34,7,0
5,1,13.3,14,16,1,1.2,1869.0,0,512,1,0,276.05,34,1
1,1,13.3,2,8,2,1.35,998.0,0,0,0,0,127.68,33,1
6,2,14.0,1,4,1,1.44,249.0,0,0,0,0,111.94,29,1
3,2,15.6,1,4,3,2.1,367.0,1000,0,0,0,100.45,32,1
5,2,17.3,4,8,1,2.8,979.0,1000,128,0,1,127.34,33,0
2,2,15.6,1,4,1,1.86,488.69,1000,0,0,0,100.45,33,1
2,2,15.6,4,8,1,2.1,879.0,0,256,0,0,141.21,33,2
4,2,15.6,4,4,3,2.0,389.0,1000,0,0,0,141.21,32,1
5,4,15.6,4,16,1,2.65,1499.0,1000,256,0,1,141.21,34,2
4,2,15.6,1,8,3,2.3,522.99,1000,0,0,0,100.45,33,2
3,2,15.6,4,4,1,2.2,682.0,0,256,0,1,141.21,33,1
5,5,17.3,4,12,1,2.77,999.0,1000,0,1,0,127.34,33,2
1,1,13.3,11,8,2,1.37,1419.0,0,256,0,1,226.98,33,1
6,2,15.6,1,4,4,2.2,369.0,0,128,0,0,100.45,32,1
4,4,17.3,4,8,1,3.2,1299.0,1000,256,0,0,127.34,23,0
5,2,15.6,4,4,1,2.3,639.0,0,256,0,0,141.21,33,0
4,2,17.3,1,4,1,2.8,466.0,1000,0,0,0,90.58,36,2
6,5,10.1,5,4,4,0.69,319.0,0,0,1,1,224.17,28,1
3,2,15.6,4,8,1,2.2,841.0,0,256,0,1,141.21,34,2
2,2,15.6,4,4,1,1.86,398.49,0,256,0,0,141.21,7,0
2,2,13.3,4,8,1,1.49,1103.0,0,512,0,0,165.63,34,1
3,2,15.6,1,4,1,2.4,384.0,1000,0,0,0,100.45,32,1
5,2,15.6,4,8,1,2.13,767.8,0,256,0,0,141.21,34,0
2,2,15.6,4,4,1,1.91,439.0,0,128,0,0,141.21,32,1
4,2,15.6,1,4,1,2.0,586.19,0,256,0,0,100.45,33,1
8,4,17.3,4,16,1,2.43,2449.0,2000,256,0,0,127.34,34,2
4,2,15.6,4,4,3,2.0,415.0,0,256,0,0,141.21,32,1
5,2,17.3,4,16,1,2.8,1299.0,2000,256,0,0,127.34,34,0
5,1,14.0,4,8,1,1.7,879.0,0,256,0,0,157.35,33,1
6,2,14.0,4,8,4,1.7,599.0,0,256,0,1,157.35,32,1
4,2,14.0,4,8,1,1.4,941.0,0,256,0,0,157.35,33,1
2,2,15.6,4,8,1,1.86,690.0,0,256,0,0,141.21,33,1
4,1,15.6,4,16,1,1.8,1983.0,0,512,0,0,141.21,34,2
2,2,15.6,1,4,1,1.86,438.69,500,0,0,0,100.45,32,0
2,2,14.0,1,4,1,1.44,229.0,0,32,0,0,111.94,29,1
6,2,15.6,4,4,1,1.9,549.0,1000,0,0,0,141.21,33,1
4,4,17.3,4,12,3,3.0,949.0,1000,0,0,0,127.34,34,2
9,1,13.5,8,4,1,1.252,1089.0,0,128,1,0,200.84,33,1
5,1,13.3,4,8,1,1.4,955.0,0,256,0,1,165.63,34,0
5,2,15.6,4,8,1,2.2,870.0,0,256,0,0,141.21,34,0
8,4,17.3,4,8,1,2.7,1095.0,1000,128,0,0,127.34,33,2
3,2,14.0,1,8,1,2.1,389.0,1000,0,0,0,111.94,32,1
4,4,15.6,4,8,1,2.2,949.0,1000,0,0,0,141.21,34,2
6,2,15.6,4,8,4,2.2,519.0,2000,0,0,0,141.21,33,1
5,2,15.6,4,8,1,2.02,855.0,1000,128,0,0,141.21,34,1
3,2,15.6,4,4,1,2.2,530.0,1000,0,0,0,141.21,32,2
2,2,17.3,4,8,1,2.5,977.0,1000,128,0,0,127.34,33,2
5,1,15.6,4,8,1,1.88,1096.16,0,256,0,1,141.21,33,1
1,1,12.0,7,8,2,0.92,1510.0,0,512,0,1,226.42,33,1
2,2,14.0,4,8,1,1.63,860.0,0,256,0,0,157.35,33,1
6,2,15.6,4,4,1,2.2,399.0,0,128,0,0,141.21,7,0
3,2,15.6,1,4,1,2.1,395.0,1000,0,0,0,100.45,11,0
5,4,15.6,4,16,1,2.65,1349.0,1000,128,0,1,141.21,34,2
2,1,15.6,4,8,1,1.83,699.0,0,256,0,1,141.21,34,2
2,2,15.6,4,8,1,1.96,598.99,0,256,0,0,141.21,33,1
4,4,15.6,4,16,1,2.2,1449.0,1000,128,0,1,141.21,34,2
5,1,13.3,4,8,1,1.21,1649.0,0,256,0,1,165.63,34,1
4,4,15.6,4,8,1,2.45,699.0,1000,0,0,0,141.21,21,0
3,2,15.6,4,8,1,2.2,689.0,1000,0,0,0,141.21,34,2
2,2,13.3,4,16,1,1.49,1197.0,0,512,0,0,165.63,34,1
5,4,15.6,4,8,1,2.65,1195.0,0,256,0,0,141.21,33,2
4,1,14.0,4,8,1,1.25,1049.0,0,256,0,0,157.35,34,1
3,5,13.3,4,8,1,1.5,847.0,0,256,1,1,165.63,33,1
5,2,15.6,4,8,3,2.2,599.9,1000,0,0,0,141.21,34,0
5,2,15.6,4,4,3,2.2,485.0,0,256,0,0,141.21,32,0
4,2,15.6,4,6,1,2.0,577.0,0,256,0,0,141.21,32,2
2,4,15.6,4,12,1,2.62,1249.0,1000,128,0,1,141.21,34,2
2,2,15.6,4,8,1,1.91,719.0,0,256,0,0,141.21,34,0
2,2,15.6,4,4,1,2.1,349.0,500,0,0,0,141.21,19,0
5,2,15.6,4,8,3,2.2,647.0,1000,0,0,0,141.21,33,0
2,1,13.3,4,8,1,1.38,1119.0,0,256,0,1,165.63,34,2
9,1,13.5,8,8,1,1.252,1340.0,0,256,1,0,200.84,33,1
2,2,14.0,4,6,1,1.58,659.0,0,256,0,1,157.35,33,2
6,2,15.6,4,4,1,1.85,414.9,1000,0,0,0,141.21,32,1
4,1,14.0,4,8,1,1.3,1193.0,0,256,0,1,157.35,34,2
8,4,15.6,4,16,1,2.2,1299.0,1000,256,0,0,141.21,34,2
6,2,14.0,4,8,1,1.58,1480.0,0,256,0,1,157.35,34,1
4,1,15.6,4,16,1,1.5,1262.0,1000,256,0,0,141.21,34,2
5,1,13.3,14,8,1,1.23,1379.0,0,256,1,0,276.05,34,1
6,5,13.3,4,8,1,1.37,1399.0,0,256,1,1,165.63,33,1
2,2,14.0,1,4,1,1.63,722.0,500,0,0,1,111.94,33,1
5,1,13.3,4,8,1,1.21,1629.0,0,256,0,1,165.63,33,1
2,5,13.3,4,8,1,1.26,1398.99,0,256,1,1,165.63,33,1
2,2,14.0,4,8,1,1.63,1084.0,0,512,0,0,157.35,34,1
5,2,15.6,4,8,1,2.16,1130.33,1000,256,0,1,141.21,34,2
4,2,17.3,4,4,1,2.0,564.0,1000,0,0,0,127.34,32,2
4,2,15.6,4,8,1,1.7,1118.0,0,256,0,0,141.21,34,2
3,2,15.6,4,6,1,2.1,479.0,1000,0,1,1,141.21,32,1
8,4,15.6,4,16,1,1.8,2241.5,2000,256,0,0,141.21,34,2
6,2,15.6,4,8,4,2.2,629.0,0,256,0,0,141.21,33,2
2,2,17.3,4,16,1,2.5,1271.0,0,512,0,0,127.34,34,2
3,2,15.6,1,4,1,2.1,451.0,0,256,0,0,100.45,11,0
2,2,15.6,1,4,4,1.86,259.0,500,0,0,0,100.45,29,1
2,2,14.0,4,8,1,1.63,812.0,1000,0,0,0,157.35,33,1
4,2,14.0,1,4,1,1.65,277.99,0,64,0,0,111.94,13,0
5,2,17.3,4,16,1,2.8,1396.0,2000,256,0,0,127.34,34,0
2,2,17.3,4,8,1,2.5,928.0,0,256,0,0,127.34,33,1
5,2,15.6,1,8,1,2.36,638.99,1000,0,0,0,100.45,33,0
5,2,15.6,4,4,1,2.2,449.0,1000,0,0,0,141.21,32,0
3,1,14.0,4,8,1,1.6,884.0,0,256,0,1,157.35,34,1
3,2,15.6,4,4,1,2.2,572.0,0,256,0,0,141.21,32,2
2,2,15.6,1,8,1,2.05,598.0,1000,0,0,0,100.45,34,1
2,2,14.0,4,8,1,1.63,988.0,0,256,0,0,157.35,34,1
6,2,15.6,1,4,4,1.9,252.36,1000,0,0,0,100.45,29,1
4,4,17.3,4,8,1,3.0,938.0,1000,128,0,0,127.34,33,2
6,2,15.6,4,4,4,2.2,499.0,1000,0,0,0,141.21,33,2
2,2,13.3,4,4,1,1.32,699.0,0,256,0,1,165.63,33,1
3,2,17.3,4,4,1,3.0,655.0,1000,0,0,1,127.34,32,2
6,2,14.0,4,8,1,1.75,1116.02,0,256,0,1,157.35,33,0
6,4,15.6,4,8,4,2.4,869.0,0,256,0,1,141.21,34,2
10,2,15.6,1,4,1,2.1,602.0,500,0,0,0,100.45,33,1
2,2,15.6,1,4,1,1.86,369.0,0,256,0,0,100.45,7,0
4,1,14.0,4,8,1,1.25,1099.0,0,256,0,0,157.35,34,1
2,1,12.5,15,8,1,0.97,2014.0,0,512,1,1,352.47,31,1
4,2,15.6,4,4,1,2.0,344.0,1000,0,0,0,141.21,29,1
8,4,17.3,4,16,1,2.9,2029.0,1000,256,0,0,127.34,34,2
3,2,15.6,1,4,1,2.1,447.0,1000,0,0,0,100.45,32,1
5,4,15.6,4,16,1,2.56,1249.26,0,512,0,0,141.21,34,2
5,4,15.6,4,8,1,2.62,899.0,0,0,0,0,141.21,34,2
6,2,15.6,1,4,1,1.9,498.0,0,128,0,0,100.45,33,1
8,4,17.3,4,16,1,2.8,1890.0,1000,256,0,0,127.34,34,2
2,1,14.0,4,4,1,1.48,1082.0,0,256,0,0,157.35,33,1
2,2,15.6,4,6,1,1.91,619.0,0,256,0,0,141.21,33,0
6,5,14.0,4,4,1,1.74,629.0,0,256,1,1,157.35,32,1
4,5,13.3,4,8,1,1.1,1315.0,0,256,1,0,165.63,33,1
5,5,15.6,4,8,1,1.56,1049.0,0,256,1,0,141.21,34,1
10,2,15.6,1,4,1,2.1,447.0,500,0,0,0,100.45,32,1
4,2,15.6,1,4,1,2.03,403.0,1000,0,0,0,100.45,11,0
3,2,17.3,4,4,1,3.0,805.0,0,256,0,1,127.34,33,2
5,2,15.6,4,8,1,2.13,728.0,0,256,0,0,141.21,33,0
6,4,15.6,4,16,1,2.5,1079.0,0,256,0,1,141.21,34,2
3,2,15.6,1,4,1,2.1,348.0,1000,0,0,0,100.45,29,1
8,4,15.6,4,16,1,2.4,1799.0,1000,256,0,1,141.21,34,2
3,2,15.6,1,4,1,2.1,363.51,1000,0,0,0,100.45,36,1
5,4,15.6,4,8,1,2.56,1060.49,1000,128,0,0,141.21,34,2
3,2,17.3,4,8,1,3.0,854.0,0,256,0,1,127.34,33,2
2,2,13.3,4,4,1,1.49,754.0,500,0,0,1,165.63,33,1
11,1,13.0,6,8,1,1.05,1349.0,0,256,0,1,199.69,33,1
2,2,17.3,4,6,1,2.71,699.0,2000,0,0,1,127.34,33,0
6,2,15.6,1,4,4,2.2,309.0,500,0,0,0,100.45,7,0
10,2,15.6,1,4,1,2.0,489.0,500,0,0,0,100.45,32,1
2,2,17.3,4,8,1,2.5,923.0,0,256,0,0,127.34,33,2
5,2,15.6,1,8,1,2.3,459.0,1000,0,0,0,100.45,32,1
3,2,15.6,1,4,1,2.1,449.0,0,128,0,0,100.45,32,1
8,4,18.4,4,32,1,4.4,2799.0,1000,512,0,0,119.72,34,2
6,2,15.6,4,8,1,1.9,813.0,1000,128,0,0,141.21,33,0
2,5,13.3,15,8,1,1.29,1499.0,0,256,1,1,331.26,33,1
5,2,15.6,4,16,3,2.02,1049.0,2000,256,0,0,141.21,34,0
5,1,13.3,4,8,1,1.23,1399.0,0,256,0,0,165.63,33,1
6,5,13.9,15,16,1,1.4,1849.0,0,512,1,1,316.97,34,1
10,2,15.6,1,8,1,2.0,793.0,0,128,0,0,100.45,33,1
12,2,15.6,4,8,4,1.95,1199.0,0,256,0,1,141.21,33,2
5,2,17.3,4,16,1,2.77,1549.0,0,512,1,0,127.34,34,2
5,2,15.6,15,16,1,2.06,2397.0,0,512,1,0,282.42,34,2
6,4,15.6,4,8,4,2.4,779.0,0,256,0,1,141.21,33,2
3,1,13.3,4,8,1,1.12,989.0,0,256,0,1,165.63,33,1
5,2,17.3,4,8,1,2.8,1085.0,1000,128,0,0,127.34,34,0
6,5,14.0,9,16,1,1.42,2824.0,0,1000,1,0,209.8,34,1
13,2,14.0,4,4,1,1.3,260.0,0,0,0,1,157.35,29,1
12,1,13.3,4,8,4,1.3,999.9,0,256,0,1,165.63,33,2
6,2,17.3,3,8,4,2.8,698.0,0,256,0,0,106.11,33,2
5,5,13.3,4,8,1,1.62,839.0,1000,0,1,1,165.63,34,1
2,2,17.3,4,8,1,2.5,914.0,1000,0,0,1,127.34,33,2
14,4,17.3,15,32,1,3.49,6099.0,0,1000,1,0,254.67,34,2
2,2,13.3,4,8,1,1.49,959.0,0,512,0,0,165.63,33,1
2,4,17.3,4,16,1,3.35,1379.0,1000,256,0,1,127.34,34,2
2,2,17.3,4,8,1,2.5,1045.0,0,256,0,0,127.34,34,2
5,4,15.6,15,16,1,2.65,1845.0,1000,512,0,1,282.42,34,2
6,2,15.6,1,4,1,2.1,493.0,0,128,0,0,100.45,33,1
3,2,15.6,4,8,1,2.23,742.0,1000,0,0,0,141.21,34,2
6,4,15.6,4,16,1,3.2,1749.0,1000,512,0,1,141.21,34,2
5,6,15.6,15,16,1,2.8,3055.0,1000,256,0,0,282.42,37,2
6,4,15.6,4,16,4,2.4,1398.0,0,512,0,0,141.21,34,2
5,2,15.6,1,6,1,2.3,439.0,1000,0,1,0,100.45,32,1
5,1,13.3,15,8,1,1.21,1949.0,0,256,1,1,331.26,34,1
5,1,13.3,4,8,1,1.2,1449.0,0,256,0,0,165.63,34,1
6,2,15.6,1,8,1,2.2,597.0,0,256,0,0,100.45,33,1
3,2,15.6,4,8,3,2.4,779.0,1000,0,0,0,141.21,34,2
4,4,17.3,4,16,1,2.9,1407.0,1000,256,0,0,127.34,34,2
2,2,15.6,4,4,4,2.1,349.0,500,0,0,0,141.21,32,1
6,2,15.6,4,8,4,2.2,549.0,0,256,0,0,141.21,33,1
11,1,13.0,6,8,1,1.05,1499.0,0,512,0,1,199.69,34,1
5,1,13.3,4,8,1,1.4,931.88,0,256,0,1,165.63,34,0
6,2,17.3,3,8,4,2.8,589.0,1000,0,0,0,106.11,33,2
2,2,14.0,4,8,1,1.63,1031.0,0,256,0,0,157.35,34,2
5,1,14.0,4,8,1,1.6,1149.0,0,256,0,0,157.35,33,1
5,5,13.3,4,16,1,1.62,1279.0,0,512,1,0,165.63,34,1
5,2,15.6,4,8,3,2.2,677.35,0,256,0,0,141.21,33,0
6,5,14.0,4,8,1,1.74,899.0,0,256,0,1,157.35,33,1
10,1,13.3,4,8,1,1.2,1363.0,0,256,0,0,165.63,34,1
2,2,15.6,4,8,1,2.1,794.0,1000,0,0,0,141.21,33,1
5,4,17.3,4,16,1,4.42,2456.34,1000,256,0,1,127.34,34,2
3,2,15.6,4,8,1,2.2,832.0,0,256,0,0,141.21,34,2
5,2,15.6,4,16,1,2.3,859.01,1000,0,1,0,141.21,34,0
4,2,15.6,4,8,1,2.0,769.0,0,256,0,0,141.21,33,2
4,2,17.3,4,8,1,2.69,891.0,500,256,0,0,127.34,33,2
2,2,15.6,4,8,1,1.9,1269.0,1000,0,0,0,141.21,34,0
4,2,15.6,1,4,1,2.37,398.99,1000,0,0,0,100.45,32,1
2,2,15.6,1,4,1,2.1,330.0,500,0,0,0,100.45,16,0
6,4,15.6,4,16,1,3.2,1499.0,1000,256,0,1,141.21,34,2
5,2,14.0,4,8,1,1.6,859.0,0,256,0,0,157.35,33,1
3,5,13.3,4,8,1,1.6,689.0,0,256,1,1,165.63,33,1
5,2,15.6,4,16,3,2.36,899.0,0,256,0,0,141.21,34,0
3,2,15.6,1,4,3,2.1,390.0,1000,0,0,0,100.45,32,1
4,2,15.6,4,4,1,2.2,575.0,1000,128,0,0,141.21,2,0
4,4,17.3,4,32,1,4.7,3890.0,1000,512,0,0,127.34,34,2
3,4,15.6,4,8,1,2.5,846.0,0,256,0,1,141.21,33,2
6,2,15.6,1,8,1,2.2,589.0,0,128,0,0,100.45,32,1
4,2,17.3,4,8,1,2.1,1145.0,1000,128,0,0,127.34,34,2
4,2,17.3,4,8,4,2.69,889.0,1000,128,0,0,127.34,34,2
5,4,15.6,4,8,1,2.56,879.0,0,256,0,0,141.21,33,2
6,5,13.9,4,8,1,1.38,1079.0,0,256,1,1,158.48,34,1
5,2,15.6,4,8,1,2.2,985.0,2000,128,0,0,141.21,34,0
2,2,15.6,1,8,1,2.04,559.0,1000,0,1,0,100.45,33,1
4,4,17.3,4,16,1,3.6,2999.0,0,256,0,0,127.34,34,2
2,2,13.3,4,4,1,1.49,675.0,500,0,0,1,165.63,33,1
1,1,13.3,11,8,2,1.37,2040.0,0,512,0,1,226.98,33,1
5,5,15.6,4,8,1,2.08,819.0,1000,0,1,1,141.21,34,1
4,4,17.3,4,16,1,4.3,1799.0,1000,256,0,0,127.34,34,2
4,2,15.6,1,4,1,1.68,469.0,1000,0,0,0,100.45,11,0
6,5,13.9,4,8,1,1.37,1849.0,0,512,1,1,158.48,34,1
3,2,17.3,4,4,1,3.0,702.0,0,256,0,1,127.34,32,2
5,1,13.3,4,8,1,1.41,949.0,0,256,0,0,165.63,33,1
2,2,15.6,1,8,1,1.91,445.9,0,128,0,0,100.45,8,0
2,2,17.3,4,16,1,2.9,1059.0,1000,0,0,1,127.34,34,2
8,4,17.3,4,16,1,4.14,2499.0,1000,512,0,0,127.34,34,2
6,5,15.6,4,8,1,2.0,1699.0,0,512,1,1,141.21,34,2
5,2,17.3,4,8,1,2.8,1142.0,1000,128,0,0,127.34,34,0
6,2,15.6,4,4,4,2.2,444.0,0,256,0,0,141.21,32,1
2,2,15.6,4,4,1,2.1,722.0,500,0,0,1,141.21,33,1
5,2,15.6,4,4,1,2.18,657.0,1000,0,0,0,141.21,33,1
5,2,15.6,4,8,1,2.24,565.0,1000,0,0,0,141.21,33,0
5,5,15.6,4,8,1,2.67,799.0,0,256,1,0,141.21,33,1
4,5,13.3,4,8,1,1.1,1499.0,0,1024,1,0,165.63,34,1
6,2,15.6,4,4,4,2.2,467.0,1000,0,0,0,141.21,33,1
2,2,17.3,4,8,1,2.5,1018.0,1000,0,0,0,127.34,34,2
6,2,15.6,4,8,1,2.05,880.0,0,256,0,0,141.21,34,1
1,1,13.3,11,8,2,1.37,1958.9,0,512,0,1,226.98,33,1
4,4,17.3,4,16,1,3.2,1549.0,1000,256,0,0,127.34,23,0
5,2,15.6,4,8,3,2.14,735.07,0,256,0,0,141.21,34,0
6,5,14.0,9,16,1,1.36,2499.0,0,512,1,0,209.8,34,1
10,2,15.6,1,8,1,2.2,812.0,500,0,0,0,100.45,34,2
5,2,15.6,1,12,1,2.3,713.07,1000,0,0,0,100.45,34,1
5,2,17.3,4,8,3,2.8,1099.0,1000,128,0,0,127.34,34,0
3,2,15.6,4,8,1,2.2,745.0,1000,0,0,1,141.21,34,2
6,2,17.3,3,4,1,2.8,489.0,1000,0,0,0,106.11,32,1
6,2,17.3,4,8,4,2.8,849.0,2000,0,0,0,127.34,34,2
6,2,17.3,3,6,1,2.8,859.0,1000,128,0,0,106.11,34,2
5,2,15.6,4,4,3,2.25,428.0,1000,0,0,0,141.21,32,0
6,4,15.6,4,8,1,2.5,829.0,0,256,0,1,141.21,33,2
6,2,15.6,4,6,1,2.2,579.0,0,256,0,0,141.21,33,1
3,2,15.6,4,8,1,3.0,951.0,0,256,0,1,141.21,34,2
3,2,15.6,4,12,1,2.15,659.0,1000,0,1,1,141.21,34,1
6,2,15.6,4,8,1,1.95,1097.0,0,256,0,1,141.21,34,1
4,1,15.6,4,8,1,1.7,977.0,0,256,0,0,141.21,33,2
6,4,15.6,4,16,1,2.5,1179.0,1000,256,0,1,141.21,34,2
6,2,15.6,4,8,4,2.2,659.01,1000,0,0,0,141.21,34,2
3,2,15.6,1,2,4,2.19,199.0,0,16,0,0,100.45,29,1
4,4,17.3,4,8,1,3.0,1187.0,1000,0,0,0,127.34,34,2
2,2,17.3,3,8,1,2.54,489.0,1000,0,0,0,106.11,32,1
5,2,15.6,4,8,1,2.0,1829.0,0,256,0,0,141.21,34,2
6,2,15.6,4,8,1,2.05,739.0,0,256,0,0,141.21,33,1
6,4,15.6,4,8,1,3.2,1299.0,1000,0,0,1,141.21,34,2
3,2,15.6,4,8,3,2.5,979.0,0,256,0,0,141.21,34,2
5,6,17.3,4,16,1,3.42,2884.86,0,256,0,0,127.34,34,2
6,2,15.6,4,6,1,2.4,499.0,1000,0,0,0,141.21,0,0
4,1,15.6,4,16,1,1.63,1468.0,0,512,0,0,141.21,34,2
4,2,14.0,1,4,1,1.3,509.0,0,128,0,0,111.94,32,1
4,4,17.3,4,16,1,2.9,2122.0,1000,256,0,0,127.34,34,2
6,2,17.3,3,6,1,2.8,649.0,1000,0,0,0,106.11,33,2
6,2,15.6,1,8,4,2.2,549.0,2000,0,0,0,100.45,33,2
4,4,15.6,4,8,1,2.5,1265.0,1000,128,0,0,141.21,34,2
6,2,15.6,1,4,4,2.2,359.99,1000,0,0,0,100.45,36,1
2,5,13.3,4,16,1,1.28,1975.0,0,256,1,0,165.63,34,1
10,2,15.6,4,8,1,2.2,1043.0,0,256,0,1,141.21,34,2
6,2,15.6,4,8,1,2.3,819.0,1000,128,0,0,141.21,33,2
2,2,15.6,4,4,1,1.86,469.0,1000,0,0,0,141.21,32,1
6,2,13.3,4,8,1,1.1,999.0,0,256,0,1,165.63,33,1
5,1,13.3,15,16,1,1.21,2499.0,0,1000,1,1,331.26,34,1
8,4,15.6,4,16,1,2.8,2099.0,1000,256,0,1,141.21,34,2
3,2,15.6,4,8,1,2.23,469.0,0,256,0,0,141.21,9,0
4,5,11.6,1,2,1,1.1,275.0,0,0,1,0,135.09,29,1
5,2,15.6,4,8,1,2.33,844.0,1000,128,0,0,141.21,33,0
2,5,13.3,15,16,1,1.29,2449.0,0,1000,1,1,331.26,34,1
6,2,13.3,1,4,4,1.45,459.9,0,0,0,0,117.83,29,1
2,2,14.0,4,8,1,1.95,980.0,0,256,0,0,157.35,33,1
3,2,11.6,1,4,1,1.4,485.0,0,0,0,0,135.09,36,1
2,2,14.0,4,8,1,1.48,1292.0,0,256,0,0,157.35,34,1
6,2,17.3,3,4,1,2.79,589.0,1000,0,0,0,106.11,33,2
4,2,14.0,4,8,1,2.0,1094.0,0,256,0,0,157.35,34,1
2,2,15.6,1,8,1,2.1,902.0,1000,0,0,1,100.45,34,1
3,2,15.6,1,8,1,2.2,659.0,0,256,0,0,100.45,4,0
6,2,14.0,1,4,1,1.44,292.0,0,0,0,0,111.94,29,1
3,2,15.6,1,6,1,2.23,549.0,1000,0,0,0,100.45,33,1
4,1,15.6,4,8,1,1.7,1049.9,0,256,0,0,141.21,34,2
2,1,12.5,4,8,1,1.26,1335.0,0,256,0,0,176.23,34,1
5,2,15.6,15,32,1,2.06,2639.0,0,1000,1,0,282.42,34,2
8,4,17.3,4,8,1,2.7,1199.0,1000,256,0,0,127.34,34,2
10,2,15.6,4,8,1,2.0,943.0,0,256,0,1,141.21,33,1
4,2,14.0,4,8,1,2.0,1334.0,1000,256,0,0,157.35,34,1
6,2,15.6,4,4,1,1.85,449.0,1000,0,0,0,141.21,32,1
4,4,15.6,4,8,1,2.5,999.0,0,256,0,0,141.21,34,2
2,2,14.0,4,8,1,1.48,1268.0,0,256,0,0,157.35,33,1
5,1,15.6,4,8,1,1.9,1049.0,1000,128,0,1,141.21,33,2
2,2,15.6,4,8,1,1.84,1144.0,0,256,0,0,141.21,33,1
4,2,15.6,1,4,3,2.0,274.99,1000,0,0,0,100.45,29,1
5,2,15.6,4,8,1,2.0,1142.75,0,256,0,0,141.21,33,2
5,2,15.6,1,4,3,2.2,274.9,500,0,0,0,100.45,29,1
6,2,15.6,4,12,1,2.2,899.0,2000,0,0,0,141.21,4,0
2,2,15.6,4,8,1,2.1,716.0,1000,0,0,1,141.21,32,2
6,5,13.9,15,16,1,1.4,2099.0,0,512,1,1,316.97,34,1
5,1,13.3,4,8,1,1.2,1579.0,0,256,0,0,165.63,34,1
6,4,15.6,4,16,1,2.4,1129.0,2000,256,0,1,141.21,34,2
2,2,14.0,1,2,1,1.44,279.0,0,0,0,0,111.94,29,1
5,1,15.6,4,16,1,1.88,1607.96,0,768,0,0,141.21,34,1
4,5,11.6,1,4,1,1.5,375.0,0,0,1,0,135.09,29,1
5,1,15.6,4,8,1,1.9,663.0,1000,0,0,0,141.21,33,0
5,2,15.6,15,16,1,2.06,2027.42,0,512,1,0,282.42,34,2
2,2,15.6,4,8,1,1.84,1304.0,0,256,0,0,141.21,34,1
8,4,17.3,4,8,1,2.7,1409.0,1000,128,0,0,127.34,34,2
2,6,15.6,4,8,1,2.6,1738.27,0,256,0,0,141.21,34,2
10,2,15.6,4,16,1,2.4,1403.0,0,512,0,1,141.21,34,2
5,2,15.6,4,8,1,2.02,970.9,2000,128,0,0,141.21,34,0
6,2,15.6,1,4,4,2.2,321.99,1000,0,0,0,100.45,29,1
5,4,15.6,4,8,1,2.65,999.0,1000,0,0,0,141.21,33,2
5,2,15.6,1,8,1,2.36,557.37,2000,0,1,0,100.45,33,1
5,2,14.0,4,8,1,1.36,1427.0,0,256,0,0,157.35,33,1
2,2,15.6,1,4,1,1.86,439.0,500,0,0,0,100.45,32,1
4,2,14.0,4,8,1,2.0,945.0,0,256,0,0,157.35,33,1
6,2,17.3,3,6,1,2.8,719.0,1000,128,0,0,106.11,33,2
2,2,15.6,4,8,1,1.86,639.0,1000,0,0,0,141.21,33,1
6,2,15.6,1,8,4,2.2,499.0,0,256,0,0,100.45,32,2
2,2,15.6,1,8,1,2.04,389.0,2000,0,0,0,100.45,36,1
5,2,17.3,4,8,1,2.8,1085.0,1000,128,0,0,127.34,33,0
6,4,15.6,4,8,4,2.4,809.0,1000,128,0,1,141.21,33,2
5,2,15.6,4,8,1,2.33,899.0,0,256,0,0,141.21,34,0
2,1,14.0,4,8,1,1.36,1750.0,0,256,0,1,157.35,34,1
4,5,15.6,4,12,1,2.26,1099.0,2000,512,1,0,141.21,34,2
3,2,15.6,1,4,1,2.1,426.0,0,128,0,0,100.45,11,0
4,4,17.3,4,16,1,3.25,2199.0,1000,256,0,1,127.34,23,0
6,2,17.3,3,4,1,2.6,489.0,0,128,0,0,106.11,9,0
5,5,13.3,4,8,1,1.62,869.01,0,256,1,0,165.63,34,1
2,2,15.6,4,4,1,1.91,488.99,0,256,0,0,141.21,11,0
6,3,11.6,1,4,1,1.59,553.0,0,128,0,1,135.09,30,1
5,2,15.6,1,4,1,1.8,309.0,500,0,0,0,100.45,29,1
4,2,14.0,1,4,1,1.5,286.0,0,0,0,0,111.94,29,1
3,2,15.6,4,8,3,2.4,846.0,1000,0,0,0,141.21,34,2
2,4,17.3,4,8,1,3.35,1191.0,1000,128,0,1,127.34,34,2
6,2,15.6,4,4,4,1.85,403.5,0,128,0,0,141.21,32,1
4,4,15.6,4,8,1,2.3,1655.0,1000,128,0,1,141.21,34,2
6,2,14.0,4,8,1,1.5,1099.0,0,256,0,1,157.35,33,2
4,1,13.3,4,16,1,1.1,1748.9,0,512,1,0,165.63,34,1
6,1,14.0,9,8,1,1.13,2282.0,0,512,0,1,209.8,34,1
6,2,13.3,4,4,1,1.5,549.0,0,128,0,1,165.63,32,1
5,6,15.6,4,8,1,2.23,1369.0,500,0,0,0,141.21,33,0
5,6,15.6,4,8,1,2.0,2135.0,0,256,0,1,141.21,34,2
6,5,14.0,9,16,1,1.42,2509.0,0,512,1,0,209.8,34,1
4,4,17.3,4,8,1,3.0,1039.0,1000,0,0,0,127.34,34,2
4,4,17.3,4,16,1,3.0,1591.0,1000,256,0,0,127.34,34,2
3,2,15.6,1,12,1,2.2,693.99,1000,0,0,1,100.45,33,2
8,4,17.3,4,8,1,2.7,1349.0,0,256,0,0,127.34,34,2
5,2,15.6,4,8,3,2.33,778.87,0,256,0,0,141.21,34,0
2,1,15.6,4,4,1,1.91,499.0,0,256,0,0,141.21,11,0
6,2,15.6,4,8,1,2.1,1229.56,0,256,0,1,141.21,34,0
6,2,14.0,4,8,1,1.9,938.0,0,256,0,1,157.35,33,1
5,6,15.6,15,8,1,1.78,2712.0,0,256,1,0,282.42,34,2
6,1,14.0,9,16,1,1.13,2625.0,0,1000,0,1,209.8,34,1
6,2,15.6,1,4,1,2.2,306.0,1000,0,0,0,100.45,29,1
4,4,17.3,4,16,1,2.9,1529.0,1000,256,0,0,127.34,34,2
6,2,15.6,4,8,1,2.1,1144.5,1000,256,0,1,141.21,33,0
3,2,15.6,4,8,3,2.5,879.0,0,256,0,0,141.21,34,2
8,4,17.3,4,16,1,2.8,2249.0,1000,256,0,0,127.34,34,2
4,1,14.0,4,8,1,1.1,1873.0,0,512,0,0,157.35,34,1
10,1,13.3,4,16,1,1.2,1747.0,0,512,0,0,165.63,34,1
5,1,14.0,4,8,1,1.36,1680.0,0,512,0,0,157.35,34,1
6,2,15.6,4,4,1,2.2,409.0,500,0,0,0,141.21,32,1
6,2,11.6,1,2,1,1.15,304.45,0,0,0,0,135.09,29,1
6,6,15.6,4,8,1,2.67,1925.0,0,512,0,0,141.21,34,2
6,1,14.0,9,8,1,1.7,1943.0,0,512,0,1,209.8,34,2
2,2,15.6,4,4,1,2.1,469.0,1000,0,0,0,141.21,32,0
3,5,13.3,4,8,1,1.6,789.01,0,256,1,1,165.63,34,1
4,5,13.3,4,8,1,1.27,928.0,0,256,1,1,165.63,33,1
5,2,15.6,4,4,3,2.3,598.9,0,256,0,0,141.21,33,0
5,2,13.3,1,4,1,1.65,689.0,0,128,0,0,117.83,32,1
2,1,14.0,4,8,1,1.43,1500.0,0,256,0,0,157.35,34,1
5,2,15.6,1,8,1,2.14,539.95,1000,0,0,0,100.45,33,1
6,1,14.0,4,8,1,1.75,1215.38,0,256,0,1,157.35,34,0
6,5,15.6,15,16,1,2.0,1899.0,0,512,1,1,282.42,34,2
7,2,12.3,12,6,1,1.4,449.0,0,0,0,1,267.34,30,1
2,2,15.6,4,8,1,2.31,1427.0,0,256,0,0,141.21,34,1
4,2,15.6,4,8,3,2.3,597.0,1000,0,0,0,141.21,32,2
5,4,17.3,9,16,1,4.42,2799.0,1000,256,0,1,169.78,34,2
5,4,15.6,4,8,1,2.62,1159.0,1000,128,0,1,141.21,34,2
5,2,15.6,4,8,1,2.02,1142.4,2000,256,0,0,141.21,34,0
5,1,14.0,4,8,3,1.6,1099.0,0,256,0,0,157.35,34,1
2,4,17.3,4,12,1,3.35,1999.0,1000,256,0,0,127.34,34,2
15,5,11.6,4,4,1,1.16,299.0,0,32,1,1,189.91,29,1
16,3,11.6,1,4,4,1.15,269.0,0,0,0,0,135.09,29,1
6,2,13.3,4,8,1,1.4,1010.0,0,256,0,1,165.63,34,1
6,2,14.0,4,4,1,1.7,599.0,0,128,0,1,157.35,32,1
6,6,15.6,15,16,1,2.3,2445.0,0,512,0,1,282.42,34,2
6,2,15.6,4,16,1,2.5,2449.0,0,512,0,0,141.21,34,2
4,4,17.3,4,8,1,3.2,1695.0,1000,256,0,0,127.34,22,0
2,2,15.6,1,4,1,2.1,347.0,500,0,0,0,100.45,29,1
17,1,12.3,10,16,4,1.1,2199.0,0,512,1,0,234.51,34,1
6,1,14.0,9,24,1,1.32,2382.0,0,512,0,0,209.8,34,1
4,2,15.6,4,4,3,2.0,559.0,0,256,0,0,141.21,33,1
6,2,17.3,3,8,1,2.8,519.0,1000,0,0,0,106.11,7,0
5,2,15.6,4,4,1,2.2,749.0,0,256,0,0,141.21,33,0
6,1,12.5,4,8,1,1.36,1429.0,0,256,0,1,176.23,33,1
6,2,15.6,4,4,1,2.2,349.0,0,128,0,0,141.21,36,1
2,4,15.6,4,8,1,2.2,1099.0,1000,128,0,1,141.21,34,2
5,2,14.0,4,8,1,1.64,1179.0,0,256,0,0,157.35,33,2
3,2,15.6,1,4,3,2.4,441.8,500,0,0,0,100.45,33,1
5,6,15.6,4,8,1,2.23,1993.0,1000,0,0,0,141.21,37,2
8,4,15.6,4,8,1,2.2,1027.74,0,256,0,0,141.21,33,2
9,1,13.5,8,16,1,1.25,2589.0,0,512,1,0,200.84,34,1
2,2,15.6,1,8,1,1.91,589.0,0,128,0,0,100.45,33,1
5,6,15.6,4,16,1,2.17,1975.0,0,256,0,1,141.21,34,2
2,6,15.6,4,8,1,2.31,1534.0,0,512,0,1,141.21,34,1
6,2,14.0,4,8,1,1.65,1345.0,0,256,0,0,157.35,33,1
5,2,15.6,4,8,1,2.36,979.0,1000,128,0,0,141.21,34,0
5,5,11.6,1,4,1,1.47,479.0,500,0,1,0,135.09,36,1
5,2,17.3,4,8,1,4.42,2046.0,1000,0,0,1,127.34,34,2
9,1,13.5,8,4,1,1.252,989.0,0,128,1,0,200.84,31,1
9,1,13.5,8,8,1,1.25,1799.0,0,256,1,0,200.84,34,1
2,2,17.3,3,8,1,2.5,639.9,0,256,0,0,106.11,32,1
3,2,15.6,4,4,1,2.23,544.0,1000,0,0,0,141.21,32,2
3,3,11.6,1,4,1,1.4,435.0,0,128,0,0,135.09,29,1
4,2,15.6,4,8,1,2.37,749.0,1000,0,0,0,141.21,33,1
6,2,14.0,4,8,4,1.5,799.0,0,512,0,1,157.35,34,0
6,2,15.6,4,8,1,2.67,2090.0,0,256,0,0,141.21,34,2
4,2,15.6,1,4,1,2.0,304.0,500,0,0,0,100.45,36,1
3,2,15.6,1,4,1,2.2,469.0,500,0,0,0,100.45,32,2
5,2,15.6,4,8,1,2.02,759.0,2000,0,0,0,141.21,33,0
2,4,17.3,4,12,1,3.78,1699.0,1000,0,0,1,127.34,34,2
6,1,14.0,9,12,1,1.4,1858.0,0,256,0,1,209.8,34,1
2,5,13.3,15,8,1,1.29,1999.0,0,512,1,1,331.26,34,1
2,2,15.6,4,8,1,1.9,1154.0,500,0,0,0,141.21,33,0
17,1,12.3,10,8,4,1.1,1275.0,0,128,1,0,234.51,33,1
5,1,13.3,4,8,1,1.42,1841.85,0,256,1,0,165.63,33,1
4,2,15.6,15,12,1,2.06,1299.0,1000,128,0,1,282.42,34,1
5,2,14.0,1,8,1,1.79,740.0,0,128,0,0,111.94,32,1
5,6,15.6,4,8,1,1.78,2408.0,0,256,0,0,141.21,34,2
6,2,14.0,4,8,1,1.7,1364.0,0,180,0,0,157.35,33,1
5,2,15.6,4,8,1,2.2,675.0,1000,0,0,0,141.21,33,0
10,2,13.3,4,8,1,1.05,1672.0,0,256,0,1,165.63,33,1
5,2,15.6,4,8,1,2.16,1262.0,0,512,0,1,141.21,34,2
5,2,15.6,1,4,1,2.18,586.6,1000,0,0,0,100.45,32,1
2,2,13.3,4,4,1,1.49,726.0,0,128,0,1,165.63,33,1
7,2,15.6,4,4,1,1.89,248.9,0,0,0,0,141.21,27,1
6,2,15.6,1,4,1,2.3,565.0,0,128,0,0,100.45,32,1
6,2,14.0,4,8,1,1.75,1049.0,0,256,0,1,157.35,33,1
5,6,15.6,4,16,1,2.17,2338.0,0,512,0,1,141.21,34,2
5,2,15.6,4,16,1,2.06,1899.0,0,512,0,0,141.21,34,2
6,1,12.5,4,16,1,1.36,1798.0,0,512,0,1,176.23,34,1
4,1,12.5,4,16,1,0.91,1950.0,0,512,0,0,176.23,34,1
6,2,15.6,4,8,1,2.3,1011.99,0,256,0,1,141.21,33,2
10,1,13.3,4,32,1,1.05,2799.0,0,512,1,0,165.63,34,1
4,4,15.6,4,8,1,1.99,1350.0,1000,128,0,0,141.21,34,2
3,2,15.6,1,8,1,2.2,579.0,1000,0,0,0,100.45,1,0
4,4,17.3,4,24,1,4.33,1269.0,1000,256,1,1,127.34,34,2
6,1,12.5,1,8,1,1.3,1099.0,0,180,0,1,125.37,33,1
6,2,15.6,4,8,1,2.17,898.9,0,256,0,0,141.21,34,1
2,2,14.0,4,8,1,1.48,1749.0,0,1000,0,0,157.35,34,1
6,2,13.3,4,8,1,1.4,949.0,0,256,0,1,165.63,32,1
6,2,15.6,4,8,1,2.3,911.0,0,256,0,1,141.21,33,1
4,3,11.6,1,4,1,1.2,340.0,0,0,0,0,135.09,29,1
2,2,15.6,1,8,1,1.91,618.99,0,256,0,0,100.45,33,0
6,5,13.9,4,8,1,1.4,1599.0,0,256,1,1,158.48,33,1
6,2,14.0,1,4,1,2.1,299.0,500,0,0,0,111.94,29,1
6,3,11.6,1,4,4,1.25,265.0,0,16,0,0,135.09,29,1
6,2,13.3,4,8,1,1.44,949.0,0,256,0,0,165.63,33,1
4,2,15.6,4,8,1,2.0,1224.0,1000,256,0,0,141.21,34,1
3,2,15.6,4,4,1,2.2,613.0,1000,0,0,1,141.21,33,2
2,1,13.3,4,8,1,1.34,1323.0,0,512,0,1,165.63,34,1
6,4,15.6,4,8,4,2.4,1149.0,1000,256,0,1,141.21,34,2
5,1,13.3,4,8,1,1.29,899.0,0,128,1,1,165.63,33,1
3,2,15.6,4,4,1,2.2,639.0,500,0,0,0,141.21,34,2
5,2,15.6,4,8,1,2.18,836.0,1000,0,0,0,141.21,33,1
5,2,15.6,4,16,1,2.2,1219.24,2000,256,0,0,141.21,34,0
12,2,15.6,4,16,4,1.95,1399.95,0,256,0,1,141.21,34,2
4,3,11.6,1,2,1,1.1,245.0,0,0,0,0,135.09,29,1
2,2,15.6,1,4,1,2.04,521.47,1000,0,1,0,100.45,33,1
4,4,15.6,4,24,1,2.24,2968.0,0,512,0,0,141.21,34,2
2,2,15.6,4,8,1,2.04,889.0,0,256,0,0,141.21,33,2
4,4,17.3,4,16,1,3.0,1504.0,1000,256,0,0,127.34,34,2
6,4,15.6,4,8,1,3.2,1399.0,1000,256,0,1,141.21,34,2
2,1,13.3,4,8,1,1.32,1399.0,0,256,0,1,165.63,34,1
5,2,14.0,4,8,1,1.64,1279.73,0,256,0,0,157.35,33,1
2,2,15.6,1,4,1,1.63,689.0,0,128,0,0,100.45,32,1
5,2,17.3,4,8,3,2.8,889.0,1000,128,0,1,127.34,33,0
6,2,14.0,4,8,1,2.02,1340.0,0,256,0,0,157.35,33,1
6,2,15.6,4,4,1,2.2,799.0,1000,0,0,0,141.21,34,2
6,2,15.6,1,8,4,2.2,459.0,2000,0,0,0,100.45,32,2
5,2,15.6,4,4,1,2.3,585.0,500,0,0,0,141.21,33,0
5,2,15.6,4,8,1,1.9,1377.0,0,256,0,0,141.21,33,1
5,4,17.3,4,16,1,4.42,3012.77,1000,128,0,1,127.34,34,2
10,2,15.6,4,8,1,2.0,860.0,500,0,0,1,141.21,33,1
4,2,15.6,15,8,1,2.0,1299.0,1000,256,0,1,282.42,34,2
15,2,13.3,4,4,1,1.2,369.0,0,32,0,1,165.63,30,1
4,4,15.6,4,8,1,2.3,1649.0,1000,128,0,1,141.21,33,2
5,2,15.6,4,8,1,1.93,1369.0,0,256,0,0,141.21,34,2
5,2,15.6,4,8,1,2.2,797.41,0,256,0,0,141.21,33,0
2,2,15.6,4,4,1,1.86,398.99,0,256,0,0,141.21,36,1
2,4,17.3,4,12,1,2.62,1799.0,1000,0,0,0,127.34,34,2
6,2,14.0,4,8,1,1.87,859.0,0,256,0,1,157.35,34,2
5,1,13.3,14,8,1,1.2,1399.0,0,256,1,0,276.05,34,1
5,2,14.0,4,4,1,1.6,735.87,0,128,0,0,157.35,32,1
2,1,13.3,14,8,1,1.34,1145.0,0,256,0,1,276.05,34,1
3,4,15.6,4,8,3,2.4,798.0,1000,0,0,0,141.21,33,2
4,2,15.6,1,4,1,2.0,349.0,500,0,0,0,100.45,14,0
2,2,15.6,4,4,1,2.1,705.5,0,128,0,0,141.21,32,1
6,2,14.0,4,4,1,1.87,785.0,500,0,0,0,157.35,33,1
6,2,15.6,4,4,4,2.15,462.35,1000,0,0,0,141.21,33,1
2,2,15.6,4,4,1,1.86,397.0,500,0,0,0,141.21,32,1
6,2,15.6,4,8,1,1.99,1729.0,0,512,0,1,141.21,34,1
6,2,15.6,4,4,1,2.2,499.0,0,128,0,0,141.21,32,1
5,2,15.6,4,8,1,1.9,1116.99,0,256,0,0,141.21,33,1
5,4,17.3,4,16,1,4.42,2699.0,1000,256,0,1,127.34,34,2
2,2,17.3,3,8,1,2.65,544.15,1000,0,0,0,106.11,32,1
2,2,17.3,4,8,1,2.63,1280.0,1000,0,0,0,127.34,34,2
4,2,15.6,1,4,3,2.0,224.0,500,0,0,0,100.45,29,1
15,2,13.3,4,4,1,1.35,255.0,0,0,0,1,165.63,27,1
6,2,17.3,3,6,1,2.8,949.0,1000,128,0,0,106.11,34,2
2,2,15.6,4,6,1,1.91,568.9,0,128,0,1,141.21,2,0
5,2,15.6,1,4,1,2.18,617.9,1000,0,0,0,100.45,32,0
3,5,11.6,4,4,1,1.25,349.0,0,0,1,1,189.91,29,1
6,2,15.6,4,4,1,2.05,630.0,0,128,0,0,141.21,32,1
2,1,13.3,14,16,1,1.16,1965.0,0,512,1,1,276.05,31,1
6,2,17.3,4,8,1,3.4,2999.0,0,256,0,1,127.34,34,2
4,2,15.6,4,8,1,2.5,839.0,1000,128,0,0,141.21,33,2
5,1,13.3,15,8,1,1.21,1599.0,0,128,1,1,331.26,33,1
5,2,15.6,1,4,1,1.93,959.0,500,0,0,0,100.45,33,1
18,2,15.6,1,8,1,2.2,739.0,1000,0,0,0,100.45,33,1
6,2,15.6,4,4,1,2.2,344.0,500,0,0,0,141.21,36,1
6,2,14.0,1,4,1,2.02,990.0,500,0,0,0,111.94,33,1
2,6,17.3,3,8,1,3.14,1860.99,500,0,0,0,106.11,33,2
2,2,14.0,1,8,1,1.94,389.0,2000,0,0,0,111.94,36,1
2,2,15.6,4,6,1,1.95,649.0,0,256,0,1,141.21,12,0
6,2,15.6,4,8,1,2.3,830.0,0,256,0,0,141.21,33,1
6,2,15.6,4,4,1,2.05,685.0,500,0,0,0,141.21,33,1
15,2,14.0,4,4,1,1.4,249.0,0,32,0,0,157.35,27,1
10,1,14.0,4,16,1,1.24,1865.0,0,512,1,0,157.35,34,1
6,4,17.3,4,32,1,4.6,2663.0,1000,256,0,1,127.34,34,2
8,4,17.3,4,16,1,4.14,2729.0,1000,512,0,0,127.34,34,2
5,2,15.6,4,8,3,2.2,749.01,0,256,0,0,141.21,34,0
15,2,14.0,4,4,1,1.45,389.0,0,32,0,1,157.35,30,1
5,2,15.6,1,8,1,1.9,1008.52,500,0,0,0,100.45,33,1
2,2,13.3,4,4,1,1.49,719.0,0,128,0,0,165.63,32,1
5,2,15.6,4,16,1,1.93,1537.39,0,256,0,0,141.21,34,2
5,3,11.6,1,4,4,1.26,295.0,0,0,0,0,135.09,29,1
8,4,17.3,4,16,1,4.5,2349.0,1000,128,0,0,127.34,34,2
2,4,17.3,4,16,1,3.78,1498.0,1000,256,0,1,127.34,34,2
6,1,14.0,4,12,1,1.4,1673.0,0,256,0,1,157.35,34,1
6,2,15.6,1,12,1,2.2,609.0,1000,0,1,0,100.45,34,1
4,4,17.3,4,8,1,2.73,1770.0,1000,128,0,1,127.34,33,2
4,5,15.6,1,8,1,2.2,739.0,1000,0,1,0,100.45,33,1
6,2,15.6,4,12,1,2.2,949.0,0,512,0,0,141.21,4,0
5,5,11.6,1,4,1,1.39,603.0,0,128,1,0,135.09,31,1
16,2,15.6,4,16,1,2.5,1699.0,1000,128,0,0,141.21,34,2
6,2,17.3,4,4,4,2.8,529.0,500,0,0,0,127.34,32,1
6,2,15.6,1,8,1,2.29,459.0,1000,0,0,0,100.45,32,1
6,5,13.3,4,8,1,1.37,2025.0,0,512,1,1,165.63,34,1
6,2,14.0,4,8,1,1.7,1474.0,0,256,0,1,157.35,33,1
5,5,12.5,4,8,1,1.34,1670.0,0,256,1,0,176.23,33,1
5,6,15.6,4,8,1,2.06,1763.0,0,256,1,0,141.21,34,2
2,2,15.6,4,8,1,1.84,1219.0,0,256,0,0,141.21,34,1
2,2,15.6,1,4,1,2.1,668.48,500,0,0,0,100.45,32,1
3,2,14.0,4,4,1,1.6,329.0,0,0,0,0,157.35,30,1
8,4,17.3,4,16,1,4.14,2199.0,1000,128,0,0,127.34,34,2
5,2,15.6,1,4,3,2.18,465.0,1000,0,0,0,100.45,32,0
8,4,15.6,15,16,1,1.8,2299.0,2000,256,0,0,282.42,34,2
10,2,15.6,4,8,1,2.2,1399.0,0,256,0,1,141.21,34,1
6,2,15.6,4,6,1,2.4,564.0,1000,0,0,0,141.21,33,1
6,5,15.6,4,8,1,2.0,1299.0,0,256,1,1,141.21,34,1
3,2,14.0,1,4,1,1.6,349.0,0,0,0,0,111.94,36,1
6,2,15.6,15,32,1,2.5,4899.0,0,1000,0,1,282.42,38,2
5,4,15.6,4,16,1,2.59,879.01,1000,0,0,0,141.21,34,2
5,2,15.6,1,4,3,2.18,443.9,1000,0,0,0,100.45,32,1
5,2,15.6,1,4,3,2.25,359.0,1000,0,0,0,100.45,32,1
5,2,15.6,1,4,3,1.93,869.0,500,0,0,0,100.45,33,1
4,4,17.3,4,8,1,3.0,1168.0,1000,128,0,0,127.34,34,2
5,2,15.6,4,4,3,2.18,569.0,0,128,0,0,141.21,33,0
2,1,15.6,4,8,1,1.84,1389.0,0,512,0,0,141.21,34,1
8,4,15.6,4,16,1,2.94,2267.86,1000,256,0,0,141.21,34,2
3,5,11.6,1,4,4,1.25,379.0,0,0,1,1,135.09,30,1
2,2,14.0,1,8,1,2.31,1124.0,0,256,0,0,111.94,33,1
6,2,14.0,4,8,1,1.65,1465.0,0,256,0,0,157.35,33,1
5,2,15.6,4,4,1,2.2,776.0,1000,0,0,0,141.21,33,0
18,2,15.6,1,8,1,2.2,799.0,0,256,0,0,100.45,33,1
2,2,15.6,1,4,1,1.88,932.0,500,0,0,0,100.45,33,1
6,2,15.6,4,8,1,2.2,899.0,1000,0,0,0,141.21,34,2
15,2,14.0,4,2,1,1.4,239.0,0,0,0,0,157.35,27,1
6,2,15.6,4,4,4,2.2,468.0,0,128,0,0,141.21,33,1
4,5,13.3,4,6,1,1.5,639.01,1000,0,1,0,165.63,33,1
5,2,15.6,4,8,1,2.0,1820.0,0,256,0,0,141.21,34,2
4,1,14.0,4,16,1,1.1,1900.0,0,512,0,0,157.35,34,1
5,4,15.6,4,16,1,2.62,1479.0,1000,256,0,0,141.21,34,2
6,2,15.6,4,4,1,1.8,829.0,0,256,0,0,141.21,33,1
6,2,15.6,4,4,1,2.2,579.0,1000,0,0,0,141.21,32,2
4,2,15.6,1,8,1,2.0,399.0,1000,0,0,0,100.45,29,1
4,2,15.6,4,8,1,1.99,906.62,1000,0,0,0,141.21,33,2
5,1,13.3,14,8,1,1.23,1869.0,0,256,1,0,276.05,33,1
6,2,14.0,1,2,1,1.42,249.0,0,0,0,0,111.94,29,1
6,5,13.3,4,8,1,1.37,1757.42,0,256,1,1,165.63,34,1
5,2,15.6,15,16,1,2.06,2399.0,0,1000,1,0,282.42,34,2
6,4,15.6,4,8,1,2.5,1109.0,1000,128,0,1,141.21,34,2
2,2,17.0,3,8,1,2.6,520.9,1000,0,0,0,107.99,11,0
6,1,14.0,4,16,1,1.14,2450.0,0,512,0,1,157.35,34,1
4,4,15.6,4,8,4,2.5,1169.0,1000,0,0,1,141.21,34,2
3,2,15.6,1,4,1,2.4,450.0,500,0,0,0,100.45,32,1
6,2,14.0,1,4,1,1.43,274.0,0,0,0,0,111.94,29,1
3,1,14.0,4,8,1,1.8,919.0,0,256,0,1,157.35,33,1
14,4,14.0,4,16,1,1.95,2599.0,0,256,0,0,157.35,34,2
10,2,13.3,4,8,1,1.2,1213.0,0,256,0,0,165.63,33,1
6,1,12.5,4,8,1,1.36,1584.0,0,256,0,1,176.23,34,1
4,4,17.3,4,32,1,3.8,2799.0,0,512,0,1,127.34,34,2
3,4,15.6,4,8,3,2.4,709.0,1000,0,0,0,141.21,33,2
5,1,13.3,4,8,1,1.2,1449.9,0,256,0,0,165.63,33,1
8,4,15.6,4,8,1,2.2,1191.8,1000,128,0,0,141.21,34,2
2,2,15.6,1,4,4,1.86,364.9,500,0,0,0,100.45,32,1
10,2,15.6,4,8,1,2.0,1064.0,500,0,0,1,141.21,33,1
5,2,15.6,4,8,1,2.2,919.0,0,256,0,0,141.21,34,0
5,2,15.6,4,16,1,2.2,1135.0,2000,256,0,0,141.21,34,0
6,4,15.6,4,8,1,3.31,1196.0,1000,128,0,1,141.21,34,2
5,4,17.3,15,32,1,4.42,3147.37,1000,512,0,1,254.67,34,2
5,2,14.0,4,8,1,1.56,1229.0,0,256,0,0,157.35,33,1
6,2,15.6,1,4,1,2.2,419.0,500,0,0,0,100.45,29,1
6,2,15.6,4,4,1,2.2,535.0,500,0,0,0,141.21,33,1
2,2,15.6,4,6,1,2.04,539.0,1000,0,0,0,141.21,32,0
8,4,17.3,4,8,1,2.7,1486.77,1000,128,0,0,127.34,34,2
10,2,15.6,1,4,1,2.1,498.0,0,128,0,0,100.45,32,1
5,2,15.6,4,8,1,2.06,955.0,1000,0,0,0,141.21,33,1
2,2,15.6,4,8,1,2.1,745.0,1000,0,0,0,141.21,34,0
10,2,15.6,4,8,1,2.0,1258.0,0,256,0,1,141.21,33,1
3,2,15.6,1,4,3,2.1,412.0,0,128,0,0,100.45,32,1
9,1,13.5,8,8,1,1.252,1867.85,0,256,1,0,200.84,34,1
6,2,15.6,4,8,1,1.9,817.95,1000,128,0,0,141.21,33,0
6,5,13.3,4,8,1,1.3,1034.0,0,256,1,1,165.63,33,1
6,2,15.6,1,4,1,2.2,349.0,0,128,0,0,100.45,18,0
2,5,14.0,4,4,1,1.63,699.0,0,128,1,1,157.35,32,2
8,4,15.6,4,16,1,2.4,1294.0,1000,256,0,0,141.21,34,2
4,1,14.0,4,8,1,1.1,1135.0,0,256,0,0,157.35,33,1
2,5,11.6,1,8,4,1.4,495.0,0,0,1,0,135.09,29,1
19,1,15.6,4,8,1,1.09,2299.0,0,512,0,1,141.21,34,1
3,4,15.6,4,16,1,2.5,1299.0,0,256,0,0,141.21,33,2
8,4,15.6,4,8,1,2.2,997.9,0,256,0,0,141.21,33,2
4,2,15.6,1,4,1,1.86,419.0,0,128,0,0,100.45,29,1
5,4,15.6,4,16,1,3.21,2051.0,1000,128,0,0,141.21,33,2
2,2,17.3,4,4,1,2.5,699.0,0,256,0,1,127.34,32,0
6,5,13.3,4,8,1,1.19,1499.0,0,512,1,1,165.63,34,1
5,4,15.6,4,16,1,3.49,2813.75,1000,256,0,0,141.21,34,2
2,2,15.6,1,4,1,1.86,612.61,500,0,0,0,100.45,33,0
5,2,15.6,1,4,1,2.2,545.67,1000,0,0,0,100.45,32,0
2,2,17.3,4,6,1,2.65,569.0,2000,0,0,1,127.34,0,0
6,2,15.6,1,4,1,2.1,318.0,500,0,0,0,100.45,29,1
3,2,14.0,1,4,4,1.45,375.0,0,0,0,0,111.94,29,1
6,2,14.0,4,4,1,1.7,699.0,0,256,0,0,157.35,33,1
2,6,17.3,4,8,1,3.14,1907.99,500,0,0,0,127.34,34,2
6,5,14.0,9,8,1,1.42,2590.0,0,256,1,0,209.8,34,1
10,2,13.3,4,8,1,1.5,973.0,0,256,0,1,165.63,33,1
3,3,11.6,1,4,1,1.4,269.0,0,0,0,0,135.09,29,1
6,5,14.0,4,16,1,1.38,1749.0,0,512,1,0,157.35,34,1
4,5,12.5,4,4,4,1.2,669.0,0,0,1,0,176.23,31,1
10,1,13.3,4,16,1,1.36,1877.0,0,512,1,0,165.63,34,1
2,2,15.6,4,4,1,2.1,689.0,500,0,0,1,141.21,34,0
5,4,15.6,4,8,1,2.56,819.0,1000,0,0,0,141.21,33,2
6,2,15.6,4,4,1,2.2,399.0,0,256,0,0,141.21,11,0
6,2,15.6,1,8,1,2.2,429.0,1000,0,0,0,100.45,4,0
6,2,15.6,4,4,1,2.1,621.45,2000,0,0,0,141.21,33,1
6,2,15.6,1,4,4,1.9,450.0,500,0,0,0,100.45,32,1
5,2,15.6,4,8,1,2.18,795.0,0,256,0,0,141.21,33,1
3,5,13.3,4,8,1,1.6,999.0,0,256,1,1,165.63,33,1
6,6,15.6,4,16,1,2.18,1855.0,0,512,0,0,141.21,34,2
6,2,14.0,4,8,1,1.8,1191.0,0,256,0,0,157.35,33,1
2,2,17.3,4,6,1,2.71,655.01,2000,0,0,1,127.34,1,0
6,4,15.6,4,8,1,2.5,1249.0,1000,128,0,1,141.21,34,2
5,2,14.0,4,8,3,1.64,1089.0,0,256,0,0,157.35,33,2
5,2,15.6,4,8,3,1.98,726.0,1000,0,0,0,141.21,33,1
4,2,14.0,4,4,1,1.5,298.0,0,0,0,0,157.35,29,1
5,2,15.6,4,16,1,1.93,1426.66,0,512,0,0,141.21,33,1
6,2,14.0,4,8,1,1.87,857.07,0,256,0,1,157.35,33,2
5,2,15.6,4,8,1,1.9,1179.0,0,256,0,0,141.21,33,1
6,2,15.6,1,4,1,2.19,298.0,500,0,0,0,100.45,6,0
15,2,14.0,5,4,1,1.4,265.0,32,0,0,1,161.73,25,1
2,2,17.3,4,8,1,2.63,1200.0,0,256,0,0,127.34,34,2
6,1,14.0,9,8,1,1.17,1686.64,0,512,0,1,209.8,34,1
2,5,13.3,1,8,1,1.58,836.6,0,256,1,1,117.83,33,1
6,1,14.0,4,8,1,1.32,1499.0,0,256,0,1,157.35,33,1
5,4,17.3,15,32,1,4.36,3659.4,1000,1000,0,0,254.67,34,2
8,4,17.3,4,8,1,2.7,1348.48,1000,128,0,0,127.34,34,2
6,2,15.6,1,4,4,1.9,489.9,1000,0,0,0,100.45,33,1
5,2,15.6,4,8,1,2.2,719.0,1000,128,0,0,141.21,33,0
5,5,13.3,4,4,1,1.71,649.0,1000,0,1,0,165.63,32,1
5,2,15.6,1,8,3,2.32,589.52,1000,0,0,0,100.45,33,0
2,2,15.6,4,4,1,2.1,489.0,1000,0,0,0,141.21,11,0
3,4,17.3,4,16,1,4.2,1935.0,1000,128,0,1,127.34,34,2
5,2,15.6,1,12,1,2.25,649.0,1000,0,0,0,100.45,33,1
2,2,15.6,4,6,1,2.1,650.0,1000,128,0,0,141.21,12,0
3,2,15.6,1,4,1,2.4,559.0,500,0,0,0,100.45,33,1
6,2,13.3,4,8,1,1.44,960.0,0,256,0,1,165.63,33,1
6,2,15.6,4,4,1,1.85,779.0,1000,0,0,0,141.21,34,1
2,6,15.6,4,16,1,2.6,2419.0,0,256,0,0,141.21,34,2
5,5,13.3,4,8,1,1.55,659.0,1000,0,1,0,165.63,33,1
8,4,15.6,4,16,1,1.8,2094.48,1000,256,0,0,141.21,34,2
3,2,15.6,1,4,1,2.4,410.8,500,0,0,0,100.45,32,1
5,2,15.6,4,8,1,2.0,1207.0,1000,128,0,0,141.21,34,2
5,2,15.6,1,8,1,2.0,665.0,0,256,0,0,100.45,32,1
10,2,14.0,4,8,1,1.25,1535.0,0,256,1,1,157.35,33,1
6,5,14.0,4,8,1,1.7,999.0,0,256,1,0,157.35,33,1
6,6,15.6,15,16,1,2.5,3299.0,0,1000,0,1,282.42,34,2
3,2,14.0,1,2,4,1.68,330.0,0,0,0,0,111.94,29,1
16,1,13.3,4,16,1,0.81,1649.0,0,256,0,0,165.63,34,1
2,2,15.6,4,8,1,1.86,539.0,0,256,0,0,141.21,32,1
5,2,14.0,1,8,1,1.6,1126.71,0,256,0,0,111.94,33,1
2,6,17.3,4,16,1,3.0,4389.0,0,256,0,1,127.34,38,2
6,3,11.6,1,4,1,1.4,475.0,0,128,1,0,135.09,29,1
2,2,15.6,4,8,1,1.84,1900.0,0,256,0,0,141.21,33,1
4,2,15.6,1,4,4,2.45,579.0,1000,0,0,0,100.45,33,2
6,1,14.0,4,4,1,1.7,1096.0,0,180,0,0,157.35,33,1
4,2,15.6,1,4,1,2.37,849.9,0,256,0,0,100.45,34,1
6,5,13.3,14,8,1,1.3,1199.0,0,256,1,1,276.05,33,1
2,2,15.6,4,8,1,2.2,1099.0,1000,128,0,1,141.21,33,2
2,6,15.6,4,8,1,2.59,1561.0,0,256,0,0,141.21,34,2
5,4,15.6,15,16,1,4.42,2868.99,1000,256,0,1,282.42,34,2
3,2,15.6,1,4,1,2.1,599.0,0,256,0,0,100.45,33,1
6,4,15.6,4,8,1,2.5,1048.0,1000,128,0,1,141.21,34,2
5,1,12.5,4,16,1,1.18,1859.0,0,256,0,0,176.23,34,1
17,1,12.3,10,8,4,1.1,1559.0,0,256,1,0,234.51,33,1
4,1,13.3,14,8,1,1.2,1129.0,0,256,0,1,276.05,33,1
5,2,13.3,1,4,1,1.65,849.0,500,0,0,0,117.83,32,1
3,2,13.3,1,4,1,1.6,655.0,0,128,0,0,117.83,33,1
4,2,17.3,1,4,1,2.8,470.34,1000,0,0,0,90.58,36,2
5,4,15.6,15,16,1,2.72,1099.0,1000,128,1,1,282.42,34,2
16,1,13.3,4,8,1,1.31,1599.0,0,256,1,0,165.63,34,1
3,2,15.6,1,4,3,2.1,298.0,1000,0,0,0,100.45,36,1
5,2,15.6,4,16,1,2.3,1181.27,0,256,0,0,141.21,34,0
16,5,15.0,4,16,1,1.71,1799.0,0,256,1,0,146.86,34,0
10,2,14.0,1,4,1,1.75,1020.0,0,128,0,1,111.94,33,1
5,4,15.6,4,8,1,2.62,1099.0,1000,0,0,0,141.21,34,2
2,1,12.5,1,4,1,1.26,1244.0,0,256,0,0,125.37,33,1
4,5,15.6,4,12,1,2.3,839.0,2000,0,1,0,141.21,34,2
6,2,15.6,15,16,1,2.5,2370.0,0,512,0,0,282.42,34,2
3,2,14.0,4,4,1,1.8,636.0,0,128,0,1,157.35,32,1
14,4,14.0,4,16,1,1.95,2899.0,0,512,0,0,157.35,34,2
4,2,15.6,4,8,1,2.0,581.9,0,128,0,0,141.21,35,1
5,4,17.3,4,32,1,4.42,3588.8,1000,1000,0,1,127.34,34,2
4,4,17.3,4,16,1,4.3,2350.0,1000,256,0,1,127.34,34,2
10,1,14.0,4,16,1,1.47,1764.0,0,512,0,1,157.35,34,2
6,2,15.6,1,8,4,2.2,329.0,1000,0,0,0,100.45,30,1
6,1,14.0,4,16,1,1.7,2299.0,0,512,0,0,157.35,34,1
8,4,14.0,4,16,1,1.6,1891.0,1000,256,0,1,157.35,34,2
8,4,15.6,4,8,1,2.2,1089.0,1000,128,0,0,141.21,33,2
6,4,15.6,4,4,1,2.4,999.0,1000,0,0,1,141.21,34,2
3,4,17.3,4,16,1,4.2,2299.0,1000,256,0,1,127.34,34,2
5,4,15.6,4,8,1,2.62,985.0,0,256,0,0,141.21,33,2
4,4,15.6,4,8,1,2.24,1339.0,1000,128,0,0,141.21,34,2
13,2,14.0,4,4,1,1.22,202.9,0,0,0,0,157.35,29,1
6,5,13.3,4,8,1,1.37,1970.0,0,512,1,1,165.63,34,1
6,5,15.6,4,8,1,2.08,959.0,0,256,1,0,141.21,33,0
1,1,12.0,7,8,2,0.92,1165.0,0,0,0,1,226.42,31,1
6,5,14.0,9,8,1,1.42,2330.0,0,256,1,1,209.8,33,1
4,2,14.0,1,4,1,1.63,299.0,0,0,0,0,111.94,29,1
5,2,15.6,1,8,1,1.95,810.0,0,128,0,0,100.45,33,1
6,5,13.9,4,8,1,1.38,1349.0,0,256,1,1,158.48,34,1
5,2,15.6,4,8,1,2.0,739.0,0,256,0,0,141.21,32,0
2,6,15.6,4,8,1,3.14,2064.9,0,256,0,0,141.21,34,2
4,2,15.6,4,8,1,2.37,1099.0,0,256,0,0,141.21,33,1
5,1,13.3,4,8,1,1.29,1499.0,0,256,0,0,165.63,33,1
5,2,15.6,15,8,1,2.06,1749.0,0,256,1,0,282.42,33,2
5,3,11.6,1,4,1,1.63,744.0,0,128,0,0,135.09,36,1
2,3,12.5,1,8,1,1.26,1389.0,0,256,0,0,125.37,33,1
10,2,15.6,1,4,1,2.1,780.0,500,0,0,0,100.45,33,1
2,2,15.6,1,8,1,2.04,629.0,2000,0,0,0,100.45,3,0
5,4,15.6,15,16,1,2.62,1679.0,0,512,0,0,282.42,34,2
6,2,15.6,4,4,1,2.4,609.0,1000,0,0,0,141.21,33,2
2,4,17.3,4,12,1,3.74,1749.0,1000,0,0,1,127.34,34,0
8,4,17.3,4,16,1,2.9,2415.0,1000,512,0,0,127.34,34,2
16,1,13.3,4,8,1,0.81,1499.0,0,256,0,0,165.63,33,1
5,2,15.6,4,8,1,1.98,961.0,1000,0,0,0,141.21,34,2
5,2,15.6,4,8,1,2.18,789.81,0,256,0,0,141.21,33,0
6,1,14.0,4,8,1,1.32,1859.0,0,256,0,0,157.35,34,1
14,1,12.5,15,16,1,1.29,1799.0,0,512,1,1,352.47,34,1
2,3,11.6,1,4,4,1.23,385.0,0,0,0,0,135.09,29,1
5,4,17.3,4,16,1,4.36,2505.02,1000,128,0,1,127.34,34,2
5,2,14.0,1,4,1,1.76,755.0,500,0,0,0,111.94,33,1
6,2,15.6,1,4,1,2.1,489.9,500,0,0,0,100.45,32,1
10,1,14.0,1,4,1,1.25,1090.0,0,128,0,0,111.94,33,1
6,1,14.0,4,8,1,1.13,2499.0,0,512,0,1,157.35,34,1
8,4,15.6,4,8,1,2.4,1199.0,0,256,0,0,141.21,33,2
6,1,14.0,4,8,1,1.13,1875.0,0,0,0,1,157.35,33,1
10,2,14.0,1,4,1,1.75,499.0,0,128,0,0,111.94,35,1
4,5,13.3,4,8,1,1.1,1358.0,0,256,1,0,165.63,33,1
5,2,14.0,1,4,1,1.76,585.0,500,0,0,0,111.94,32,1
3,3,11.6,1,4,4,1.35,355.0,0,0,0,1,135.09,29,1
3,2,14.0,4,8,1,1.5,619.0,0,128,0,1,157.35,32,1
14,4,17.3,15,32,1,3.49,5499.0,0,512,1,0,254.67,34,2
6,1,14.0,9,16,1,1.1,2099.0,0,512,0,1,209.8,34,1
4,2,15.6,4,4,3,2.1,519.0,1000,0,0,0,141.21,33,2
6,2,14.0,4,8,1,1.7,1186.0,0,256,0,0,157.35,33,1
6,2,14.0,4,8,1,1.32,1650.0,0,256,0,1,157.35,33,1
5,4,15.6,4,16,1,3.21,2774.63,1000,256,0,0,141.21,34,2
4,4,17.3,4,16,1,2.9,2419.0,1000,256,0,0,127.34,34,2
10,2,15.6,1,4,1,2.0,669.0,500,0,0,0,100.45,32,1
6,2,14.0,1,4,4,1.5,325.0,0,0,0,0,111.94,30,1
4,2,15.6,4,8,1,2.3,590.0,128,0,0,0,141.21,33,1
4,4,17.3,4,16,1,2.73,1799.0,1000,512,0,0,127.34,34,2
5,4,17.3,4,32,1,4.42,3072.89,1000,512,0,1,127.34,34,2
2,2,17.3,3,8,1,2.63,910.0,1000,0,0,0,106.11,33,2
5,2,15.6,1,8,1,2.18,713.99,0,128,0,0,100.45,33,1
2,1,14.0,4,8,1,1.54,1870.0,0,512,0,0,157.35,34,1
5,2,15.6,4,4,1,2.18,739.0,0,256,0,0,141.21,34,0
2,5,11.6,1,4,4,1.4,615.0,0,0,1,0,135.09,29,1
4,1,13.3,4,8,1,1.45,1026.0,0,512,0,1,165.63,33,2
2,5,13.3,4,8,1,1.28,2277.0,0,256,1,0,165.63,33,1
2,1,14.0,4,8,1,1.54,1468.0,0,512,0,0,157.35,34,1
2,2,15.6,1,4,4,1.86,299.0,0,128,0,0,100.45,29,1
4,4,15.6,4,16,1,2.1,1899.0,1000,128,0,0,141.21,34,2
5,2,17.3,4,8,3,2.83,865.0,1000,0,0,0,127.34,34,0
6,1,14.0,4,8,1,1.96,1903.0,0,256,0,1,157.35,34,2
4,2,15.6,4,8,1,2.3,787.0,0,256,0,1,141.21,34,2
5,2,15.6,4,8,1,1.9,945.0,0,128,0,0,141.21,33,1
4,2,15.6,1,4,1,2.0,449.0,1000,0,0,0,100.45,36,1
2,5,13.3,4,8,1,1.28,2559.0,0,256,1,0,165.63,34,1
5,2,13.3,4,8,1,1.62,649.0,1000,0,1,0,165.63,33,1
6,2,15.6,4,4,4,2.2,469.0,1000,0,0,0,141.21,32,1
6,2,15.6,4,8,1,2.3,850.66,1000,0,0,1,141.21,33,1
2,2,15.6,4,8,1,1.84,1349.0,0,256,0,0,141.21,33,0
10,2,13.3,4,4,1,1.05,1285.0,0,128,0,0,165.63,33,1
6,4,15.6,4,8,4,2.5,1017.0,1000,0,0,1,141.21,33,2
5,1,13.3,14,16,1,1.29,2240.0,0,512,1,0,276.05,34,1
2,2,15.6,4,4,1,2.07,910.0,500,0,0,0,141.21,33,1
10,1,13.3,1,8,1,1.2,1095.0,0,256,0,0,117.83,33,1
6,5,13.3,4,8,1,1.37,1950.0,0,256,1,1,165.63,34,1
3,2,14.0,4,8,1,1.56,902.0,0,256,0,1,157.35,33,1
5,6,15.6,4,8,1,2.23,1778.0,1000,0,0,0,141.21,34,2
6,2,15.6,1,4,1,2.38,1055.0,500,0,0,0,100.45,33,1
6,2,15.6,4,4,4,2.2,479.0,1000,0,0,0,141.21,32,0
10,2,15.6,4,8,1,2.0,1388.0,0,256,0,1,141.21,34,1
6,2,13.3,4,4,1,1.44,735.0,0,180,0,1,165.63,32,1
16,1,15.0,4,16,1,1.23,1849.0,0,256,0,0,146.86,34,2
5,1,12.5,4,8,1,1.6,1690.0,0,256,0,0,176.23,34,1
4,2,15.6,1,4,3,2.0,398.99,1000,0,0,0,100.45,36,1
12,1,13.3,4,8,1,1.28,935.0,0,256,0,1,165.63,33,2
5,2,15.6,4,4,1,2.18,912.5,1000,128,0,0,141.21,33,2
2,2,15.6,4,4,1,2.04,839.0,0,256,0,0,141.21,33,1
2,5,13.3,4,4,1,1.28,1700.0,0,256,1,0,165.63,33,1
2,5,15.6,1,4,1,2.3,684.8,500,0,1,0,100.45,33,1
4,2,14.1,1,4,1,1.65,348.0,0,0,0,0,111.14,29,1
6,2,15.6,4,8,1,2.2,669.0,1000,0,0,1,141.21,34,2
5,2,15.6,1,4,1,2.2,369.0,500,0,0,0,100.45,36,1
2,5,13.3,4,4,1,1.28,1799.0,0,256,1,0,165.63,33,1
5,2,15.6,1,4,3,2.18,455.7,1000,0,0,0,100.45,32,0
4,4,17.3,4,12,1,2.2,1369.9,1000,128,0,0,127.34,33,2
3,3,11.6,1,4,4,1.25,297.0,0,0,0,1,135.09,29,1
6,2,17.3,3,4,1,2.8,379.0,500,0,0,0,106.11,5,0
2,2,14.0,4,4,1,1.95,1265.0,0,128,0,0,157.35,33,1
2,5,13.3,14,16,1,1.42,1399.0,0,256,1,0,276.05,34,1
16,1,15.0,4,8,1,1.17,1699.0,0,256,0,0,146.86,34,1
6,1,14.0,4,8,1,1.32,1799.0,0,256,0,1,157.35,33,1
8,4,17.3,15,16,1,2.43,2649.0,2000,512,0,1,254.67,34,2
10,2,13.3,4,8,1,1.05,1475.0,0,256,0,0,165.63,33,1
5,4,15.6,4,8,3,2.62,929.0,1000,0,0,0,141.21,34,2
2,2,15.6,4,8,1,2.04,900.0,1000,0,0,0,141.21,34,2
5,2,15.6,1,4,1,2.18,614.0,1000,0,0,0,100.45,32,0
5,2,15.6,4,8,1,1.9,935.0,500,0,0,0,141.21,33,1
5,5,13.3,14,8,1,1.24,2013.1,0,512,1,0,276.05,34,1
4,4,17.3,4,32,1,3.58,1279.0,0,512,0,1,127.34,34,2
5,5,13.3,4,16,1,1.22,1649.0,0,256,1,0,165.63,34,1
6,1,14.0,4,8,1,1.13,2049.0,0,0,0,1,157.35,34,1
6,2,15.6,4,8,1,1.95,1962.99,0,512,0,1,141.21,33,1
19,1,15.6,4,16,1,1.08,2099.0,0,512,1,1,141.21,34,1
2,3,12.5,4,8,1,1.26,1483.0,0,512,0,0,176.23,34,1
3,2,15.6,4,4,4,2.2,359.0,0,0,0,1,141.21,29,1
6,2,15.6,4,8,1,2.6,789.0,1000,128,0,1,141.21,33,2
19,1,14.0,4,8,1,0.98,1899.0,0,512,1,1,157.35,34,1
5,2,14.0,4,8,1,1.6,1205.0,0,256,0,0,157.35,33,1
2,1,12.5,15,8,1,1.09,3100.0,0,240,1,0,352.47,31,1
6,2,15.6,4,6,1,2.2,789.0,0,256,0,0,141.21,34,2
2,2,15.6,4,8,1,2.04,1018.99,0,256,0,0,141.21,34,2
3,2,15.6,4,4,1,2.4,499.0,1000,0,0,0,141.21,32,1
6,2,13.3,4,4,1,1.44,881.0,0,128,0,0,165.63,33,1
2,2,13.3,4,8,1,1.49,960.0,0,256,0,0,165.63,33,1
8,4,17.3,4,16,1,2.7,1599.0,1000,256,0,0,127.34,34,2
5,4,15.6,4,16,1,2.6,1349.0,1000,128,0,0,141.21,34,2
8,4,15.6,4,8,1,2.2,1119.91,1000,128,0,0,141.21,33,2
5,2,15.6,1,4,1,2.18,684.99,1000,0,0,0,100.45,33,0
2,1,15.6,4,8,1,1.84,1296.99,0,256,0,0,141.21,34,0
2,1,13.3,14,8,1,1.39,1149.0,0,256,1,0,276.05,34,1
10,2,15.6,4,16,1,2.4,1975.0,0,256,0,1,141.21,34,2
6,5,13.3,4,8,1,1.37,1825.0,0,512,1,1,165.63,33,1
5,2,15.6,1,4,1,1.95,729.9,500,0,0,0,100.45,33,1
6,1,12.5,4,8,1,1.36,1650.0,0,256,0,1,176.23,34,1
2,2,15.6,4,8,1,2.31,1165.0,0,256,0,0,141.21,33,1
5,2,15.6,1,4,1,2.18,708.06,1000,0,0,0,100.45,33,1
2,2,14.0,1,4,1,1.95,1149.0,500,0,0,0,111.94,33,1
6,2,15.6,1,4,1,2.2,309.0,1000,0,0,0,100.45,36,1
2,1,12.5,4,4,1,1.26,1579.0,500,0,0,0,176.23,33,1
2,2,15.6,1,4,4,1.86,288.9,1000,0,0,0,100.45,29,1
6,5,13.3,14,16,1,1.3,1799.0,0,1000,1,1,276.05,34,1
10,2,14.0,4,4,1,1.47,1105.0,0,128,0,1,157.35,33,1
2,3,12.5,4,8,1,1.26,1669.0,0,256,0,0,176.23,33,1
5,2,15.6,1,4,1,2.18,558.6,1000,0,0,0,100.45,32,1
8,4,15.6,4,8,1,2.2,1199.0,1000,128,0,0,141.21,34,2
5,1,14.0,4,8,1,1.36,1639.0,0,256,0,0,157.35,33,1
5,4,17.3,9,16,1,4.36,2758.0,1000,512,0,0,169.78,34,2
2,4,17.3,4,8,1,2.75,1399.0,1000,128,0,1,127.34,33,2
4,2,17.3,3,4,1,2.8,530.0,1000,0,0,0,106.11,36,2
3,2,15.6,1,4,1,2.23,619.0,500,0,0,0,100.45,33,1
10,2,15.6,1,8,1,2.2,1119.0,0,256,0,0,100.45,33,1
6,5,11.3,4,8,1,1.1,1299.0,0,256,1,1,194.95,31,1
6,4,15.6,4,16,1,2.5,999.0,1000,512,0,1,141.21,20,0
5,1,12.5,4,8,1,1.36,1472.2,0,256,1,0,176.23,33,1
6,2,15.6,4,8,4,2.2,685.0,1000,0,0,0,141.21,34,2
5,2,17.3,3,4,1,2.36,659.0,1000,0,0,0,106.11,32,0
3,2,14.0,1,4,4,1.68,349.0,0,0,0,0,111.94,29,1
2,6,15.6,4,8,1,2.0,2249.0,0,8,0,1,141.21,34,2
5,1,14.0,4,8,1,1.36,1775.0,0,256,0,0,157.35,34,1
10,2,13.3,4,8,1,1.2,1460.0,0,256,0,0,165.63,33,1
4,5,12.5,4,8,4,1.2,1159.0,0,0,0,0,176.23,31,1
6,1,14.0,4,8,1,1.7,1488.99,0,256,0,1,157.35,34,1
5,4,17.3,15,16,1,4.36,3154.0,1000,512,0,1,254.67,34,2
5,5,13.3,4,8,1,1.24,1899.0,0,256,1,0,165.63,33,1
2,5,11.6,1,4,1,1.45,775.0,0,256,1,0,135.09,36,1
5,1,13.3,14,8,1,1.3,1268.0,0,256,0,0,276.05,34,1
3,5,11.6,1,4,4,1.25,389.0,0,0,1,1,135.09,29,1
10,2,13.3,4,8,1,1.2,1535.0,0,256,0,0,165.63,33,1
6,1,12.5,4,8,1,1.36,1760.0,0,256,0,1,176.23,33,1
3,2,15.6,4,12,1,2.4,1009.0,1000,128,0,0,141.21,33,2
10,1,12.5,4,8,1,1.1,1790.0,0,512,1,0,176.23,34,1
2,2,15.6,1,8,1,2.04,846.5,1000,0,0,0,100.45,33,2
5,2,15.6,1,4,3,2.25,465.62,1000,0,0,0,100.45,32,0
5,2,15.6,1,4,1,1.9,825.0,500,0,0,0,100.45,33,1
2,2,15.6,4,4,1,2.04,685.0,500,0,0,0,141.21,32,1
5,4,17.3,4,32,1,4.42,3149.0,1000,256,0,1,127.34,34,2
6,2,15.6,4,6,1,2.4,695.0,0,256,0,0,141.21,33,2
5,5,13.3,14,16,1,1.22,1899.0,0,512,1,0,276.05,34,1
5,1,14.0,9,8,1,1.5,1962.98,0,256,1,0,209.8,34,1
5,4,17.3,4,32,1,4.42,2800.0,1000,256,0,0,127.34,34,2
10,2,14.0,4,8,1,1.95,1180.0,0,256,0,0,157.35,33,1
4,4,17.3,4,16,1,2.73,2049.9,1000,256,0,0,127.34,34,2
2,2,15.6,4,8,1,2.04,979.0,1000,128,0,1,141.21,33,2
6,2,14.0,1,4,1,1.7,1002.0,0,0,0,0,111.94,33,1
4,5,15.6,15,16,1,2.3,1799.0,2000,512,1,0,282.42,34,2
2,2,15.6,1,6,1,2.04,579.0,1000,0,0,0,100.45,34,1
4,4,17.3,4,16,1,2.99,1749.0,1000,256,0,0,127.34,34,2
5,5,15.6,4,12,1,2.19,1299.0,0,512,1,1,141.21,34,1
10,2,13.3,4,4,1,1.2,1195.0,0,128,0,0,165.63,33,1
6,2,15.6,4,6,1,2.2,549.0,0,256,0,0,141.21,4,0
18,2,15.6,1,4,1,2.3,649.0,0,256,0,0,100.45,33,1
10,2,14.0,1,4,1,1.75,915.0,500,0,0,0,111.94,33,1
5,2,15.6,1,4,1,2.25,599.0,500,0,0,0,100.45,33,0
2,2,15.6,4,8,1,2.04,806.0,1000,0,0,0,141.21,33,1
6,4,15.6,4,8,1,2.5,1189.0,1000,128,0,1,141.21,34,2
5,2,15.6,1,8,1,2.36,749.0,1000,0,0,0,100.45,34,0
5,2,14.0,4,8,1,1.6,1119.0,0,128,0,0,157.35,33,1
2,3,12.5,4,8,1,0.97,1908.0,0,512,0,0,176.23,31,1
2,2,15.6,4,4,1,2.1,499.0,1000,128,0,0,141.21,32,0
6,2,15.6,1,4,4,1.9,270.62,0,128,0,0,100.45,29,1
6,2,15.6,4,8,1,2.3,1349.0,0,256,0,0,141.21,33,1
5,5,13.3,4,8,1,1.68,889.0,0,256,1,0,165.63,33,1
4,2,13.3,14,8,1,1.4,1150.0,0,256,0,0,276.05,33,1
2,1,13.3,4,8,1,1.11,1349.0,0,256,1,1,165.63,34,1
3,2,15.6,1,4,1,2.4,380.0,500,0,0,0,100.45,36,1
4,4,15.6,4,16,1,2.5,1799.0,1000,256,0,0,141.21,34,2
2,1,14.0,4,8,1,1.48,2089.0,0,512,0,0,157.35,34,1
3,4,15.6,4,8,1,2.7,1260.0,1000,128,0,1,141.21,34,2
2,2,13.3,4,8,1,1.34,1189.0,0,256,0,1,165.63,33,1
5,2,15.6,1,4,1,2.18,547.0,0,128,0,0,100.45,32,1
2,2,14.0,1,4,1,1.64,779.0,500,0,0,0,111.94,33,1
10,2,13.3,4,4,1,1.2,1195.0,0,128,0,0,165.63,33,1
2,2,14.0,1,4,1,1.48,1099.99,0,256,0,0,111.94,33,1
2,2,14.0,4,4,1,1.95,1205.0,0,256,0,0,157.35,33,1
2,1,14.0,4,8,1,1.43,1449.0,0,256,0,0,157.35,34,1
2,2,14.0,4,8,1,1.64,1049.26,0,256,0,0,157.35,33,2
2,2,14.0,1,4,1,1.64,684.0,500,0,0,0,111.94,32,1
5,4,15.6,4,8,1,2.65,949.0,0,0,0,0,141.21,33,2
2,1,12.5,4,4,1,1.26,1539.0,500,0,0,0,176.23,33,1
2,2,14.0,4,4,1,1.48,1590.0,0,256,0,0,157.35,33,1
2,1,14.0,4,8,1,1.54,1887.21,0,256,0,0,157.35,34,1
2,2,13.3,1,4,1,1.49,800.0,500,0,0,0,117.83,32,1
10,2,13.3,1,8,1,1.5,1210.0,0,256,0,0,117.83,33,1
2,2,15.6,1,4,1,2.04,769.99,0,256,0,0,100.45,32,1
6,2,17.3,15,16,1,2.4,2968.0,0,512,0,1,254.67,34,2
10,2,14.0,4,8,1,1.47,1490.0,0,256,0,1,157.35,33,1
2,2,14.0,4,8,1,1.43,2229.0,0,256,0,0,157.35,34,1
5,5,15.6,4,4,1,2.08,795.99,1000,0,1,1,141.21,32,1
10,1,13.3,4,8,1,1.2,1590.0,0,256,0,0,165.63,33,1
2,2,13.3,4,8,1,1.11,1149.0,0,256,0,1,165.63,33,1
2,2,14.0,4,8,1,1.64,1185.43,0,256,0,0,157.35,34,2
5,2,15.6,4,8,1,2.09,1046.44,500,0,0,0,141.21,33,1
2,1,12.5,1,4,1,1.26,1559.0,0,256,0,0,125.37,33,1
2,2,14.0,1,4,1,2.31,1189.0,500,0,0,0,111.94,33,1
2,2,14.0,1,4,1,1.95,1060.0,500,0,0,0,111.94,33,1
5,1,13.3,14,8,1,1.29,1624.0,0,256,1,0,276.05,33,1
2,2,17.3,4,8,1,2.63,1080.0,0,256,0,0,127.34,33,2
2,2,14.0,1,4,1,1.64,973.0,0,256,0,0,111.94,33,1
3,2,15.6,1,6,1,2.1,409.0,1000,0,0,0,100.45,11,0
8,4,17.3,4,8,1,2.7,1191.8,1000,128,0,0,127.34,34,2
2,2,14.0,4,8,1,1.95,1195.0,0,256,0,0,157.35,33,1
2,2,15.6,4,8,1,1.84,1228.99,0,256,0,0,141.21,34,1
2,1,12.5,4,8,1,1.26,1349.0,0,256,0,0,176.23,34,1
2,2,15.6,1,4,1,2.04,742.0,500,0,0,0,100.45,33,1
10,1,14.0,4,8,1,1.47,1725.0,0,256,0,1,157.35,34,1
5,2,15.6,4,8,1,2.09,1062.95,0,256,0,0,141.21,33,1
2,2,14.0,4,8,1,1.64,1010.51,0,256,0,0,157.35,33,1
6,5,15.6,4,4,1,1.8,847.0,0,256,1,1,141.21,34,1
13,2,14.0,1,2,1,1.45,210.8,0,0,0,0,111.94,24,1
10,2,15.6,4,16,1,2.4,1425.0,0,256,0,1,141.21,34,2
6,2,15.6,4,8,1,2.3,1049.6,0,256,0,0,141.21,33,1
2,2,14.0,4,4,1,1.54,1000.0,500,0,0,0,157.35,33,1
2,2,15.6,4,8,1,1.84,2103.34,500,256,0,0,141.21,33,1
2,2,14.0,4,8,1,1.43,1469.0,0,256,0,0,157.35,33,1
8,4,17.3,4,16,1,3.78,1545.64,1000,256,0,1,127.34,34,2
6,4,17.3,4,16,1,4.6,2289.99,1000,128,0,1,127.34,34,2
4,3,11.6,1,4,4,1.2,287.9,0,0,0,0,135.09,29,1
6,2,14.0,9,16,1,1.1,2620.0,0,256,0,1,209.8,34,1
2,2,15.6,4,8,1,1.91,979.0,1000,0,0,1,141.21,34,2
5,5,15.6,4,8,1,2.3,1094.0,0,256,1,1,141.21,33,1
2,2,15.6,1,4,1,2.04,979.0,0,256,0,0,100.45,33,1
5,1,13.3,14,16,1,1.2,2254.0,0,1000,1,0,276.05,34,1
2,2,15.6,1,4,1,2.31,705.15,500,0,0,0,100.45,32,1
2,2,15.6,1,4,4,1.96,499.0,500,0,0,0,100.45,33,1
3,2,15.6,1,8,1,2.4,449.0,1000,0,0,0,100.45,9,0
5,5,13.3,4,12,1,1.6,1299.0,0,256,1,1,165.63,34,1
8,4,15.6,4,16,1,2.94,1819.0,1000,256,0,0,141.21,34,2
2,2,15.6,4,8,1,2.04,1070.0,0,256,0,0,141.21,34,1
4,4,17.3,4,16,4,4.0,998.0,1000,0,0,1,127.34,34,2
5,2,15.6,4,4,1,2.25,559.0,1000,0,0,0,141.21,33,1
5,2,15.6,4,16,1,2.32,989.99,2000,0,0,0,141.21,34,0
8,4,15.6,4,16,1,1.8,1929.0,1000,256,0,0,141.21,34,2
5,1,13.3,4,8,1,1.29,1458.0,0,256,0,0,165.63,34,1
4,4,17.3,4,64,1,3.58,3975.0,0,1000,0,1,127.34,34,2
5,5,13.3,4,8,1,1.62,798.01,0,256,1,0,165.63,34,1
5,4,15.6,15,16,1,3.21,1329.0,1000,256,0,0,282.42,34,2
1,1,12.0,7,8,2,0.92,1300.0,0,0,0,1,226.42,31,1
5,2,15.6,1,4,1,2.06,481.98,500,0,0,0,100.45,32,1
2,2,15.6,1,4,1,2.31,1199.0,500,0,0,0,100.45,33,1
2,1,12.5,4,8,1,1.26,1199.0,0,256,0,0,176.23,33,1
2,2,13.3,4,8,1,1.49,1090.0,0,256,0,0,165.63,34,1
6,1,12.5,4,8,1,1.3,1713.49,0,256,1,1,176.23,34,1
6,2,17.3,3,8,1,3.0,659.0,1000,0,0,0,106.11,33,0
6,2,15.6,4,4,1,2.3,977.0,1000,0,0,1,141.21,33,2
8,4,17.3,4,16,1,3.78,2499.0,1000,256,0,0,127.34,34,2
6,2,15.6,1,4,1,2.1,540.0,500,0,0,0,100.45,33,1
2,2,15.6,4,4,1,2.31,940.0,500,0,0,0,141.21,33,1
6,1,12.5,9,8,1,0.99,1399.0,0,512,1,1,234.98,31,1
6,4,17.3,4,32,1,4.6,3240.0,0,512,0,1,127.34,34,2
6,5,10.1,5,4,1,0.69,646.27,0,0,1,1,224.17,28,1
2,1,13.3,15,16,1,1.3,2049.0,0,512,0,1,331.26,34,1
5,2,15.6,4,8,1,2.18,750.0,0,256,0,0,141.21,33,1
2,2,14.0,4,4,1,1.54,1030.99,500,0,0,0,157.35,33,1
2,6,15.6,4,8,1,1.9,1495.0,0,256,0,0,141.21,34,0
6,2,14.0,4,8,1,1.7,1199.0,0,180,0,0,157.35,33,1
2,2,13.3,14,4,4,1.29,615.0,0,0,0,0,276.05,35,1
3,2,15.6,1,4,1,2.4,387.0,500,0,0,0,100.45,9,0
5,2,15.6,1,4,3,2.2,393.49,500,0,0,0,100.45,36,1
2,2,15.6,1,4,4,1.86,345.99,1000,0,0,0,100.45,32,1
4,4,17.3,4,8,1,2.7,1599.0,1000,256,0,1,127.34,34,2
5,1,13.3,4,4,1,1.4,818.35,0,256,0,1,165.63,33,0
2,3,12.5,1,4,1,2.4,1599.0,0,128,0,0,125.37,33,1
3,2,15.6,4,8,1,2.4,799.0,1000,256,0,0,141.21,33,2
5,2,15.6,4,8,1,2.36,638.8,1000,0,0,0,141.21,33,0
8,4,17.3,4,8,1,2.6,1599.0,0,256,0,0,127.34,34,2
2,2,15.6,1,4,1,1.96,500.0,1000,0,0,0,100.45,36,1
4,4,17.3,4,16,1,4.3,2299.0,1000,128,0,1,127.34,34,2
5,1,12.5,1,4,1,1.5,1135.15,500,0,0,0,125.37,32,1
5,1,12.5,1,4,1,1.5,1166.97,0,128,0,0,125.37,32,1
3,2,15.6,1,4,4,2.2,209.0,0,16,0,0,100.45,29,1
2,6,17.3,4,8,1,3.0,2899.0,1000,0,0,1,127.34,34,0
6,4,15.6,4,16,1,2.4,1199.0,0,512,0,0,141.21,34,2
5,1,12.5,1,8,1,1.5,1413.1,0,256,0,0,125.37,33,1
8,4,17.3,4,8,1,2.9,1511.19,1000,128,0,0,127.34,34,2
6,5,15.6,4,4,1,2.1,867.0,0,256,1,1,141.21,33,1
2,2,15.6,4,4,1,2.1,398.0,1000,0,0,0,141.21,7,0
4,4,15.6,4,16,1,2.59,1339.0,1000,128,0,1,141.21,34,2
2,2,13.3,14,8,1,1.16,1699.0,0,256,1,0,276.05,31,1
5,2,15.6,1,4,1,2.24,769.15,500,0,0,0,100.45,33,0
6,2,15.6,1,4,1,2.1,429.0,0,128,0,0,100.45,32,1
2,1,13.3,4,8,1,1.16,1969.0,0,512,0,0,165.63,34,1
6,5,10.1,5,4,4,0.69,549.0,0,0,1,1,224.17,28,1
5,1,13.3,4,8,1,1.23,1379.0,0,256,0,0,165.63,34,1
6,4,17.3,4,16,1,4.6,2749.99,0,256,0,1,127.34,34,2
14,1,12.5,15,8,1,1.25,1029.0,0,256,1,0,352.47,34,1
10,1,13.3,4,16,1,1.05,2226.0,0,512,0,0,165.63,34,1
4,4,17.3,4,8,1,3.52,1312.49,1000,128,0,0,127.34,34,2
13,2,13.3,4,4,1,1.35,196.0,0,0,0,0,165.63,24,1
2,2,13.3,4,8,1,1.16,1690.0,0,256,0,0,165.63,33,1
2,2,14.0,4,8,1,1.43,1513.0,0,256,0,0,157.35,33,1
5,2,15.6,1,4,3,2.09,523.63,500,0,0,0,100.45,33,1
4,2,15.6,1,4,1,2.0,435.0,1000,0,0,0,100.45,32,1
6,5,14.0,4,8,1,1.8,1669.0,0,256,1,1,157.35,34,1
6,5,10.1,5,4,1,0.69,479.0,0,0,1,1,224.17,28,1
2,1,12.5,1,8,1,1.26,1895.0,0,256,0,0,125.37,33,1
6,4,15.6,4,8,4,2.4,989.0,1000,128,0,1,141.21,33,2
2,4,17.3,4,8,1,3.35,1129.0,1000,128,0,1,127.34,33,2
2,2,15.6,1,8,1,2.04,629.0,2000,0,0,0,100.45,34,1
6,5,14.0,4,8,1,1.8,2050.38,0,512,1,1,157.35,34,2
4,2,14.0,1,4,1,1.5,278.0,0,0,0,0,111.94,29,1
2,1,15.6,4,8,1,1.84,752.0,0,256,0,0,141.21,34,1
3,2,15.6,4,4,1,2.23,616.0,1000,0,0,0,141.21,33,2
6,2,15.6,4,16,1,2.5,1099.0,0,0,0,0,141.21,34,0
2,6,17.3,4,8,1,3.0,3949.4,0,256,0,1,127.34,34,2
5,2,15.6,1,8,1,2.5,784.0,1000,0,0,0,100.45,33,0
8,4,17.3,4,16,1,3.78,2399.0,1000,256,0,0,127.34,34,2
2,1,15.6,4,8,1,1.88,2171.72,0,256,0,0,141.21,34,1
6,5,14.0,9,16,1,2.8,2440.0,0,512,1,1,209.8,34,1
8,4,15.6,4,8,1,2.4,1142.8,1000,128,0,0,141.21,34,2
2,5,13.3,4,8,1,1.48,1629.0,0,256,1,0,165.63,33,1
2,6,15.6,4,8,1,2.59,2229.0,0,256,0,1,141.21,34,2
2,5,13.3,9,8,1,1.48,1799.0,0,256,1,0,220.84,34,1
2,6,15.6,4,8,1,2.0,1899.0,0,256,0,0,141.21,34,2
2,1,12.5,4,8,1,1.26,2296.95,0,256,0,0,176.23,34,1
5,2,15.6,4,8,1,2.18,1009.9,0,256,0,0,141.21,34,2
2,2,15.6,4,8,1,1.88,1579.0,0,256,0,0,141.21,33,1
6,5,14.0,9,8,1,1.27,2339.0,0,256,1,1,209.8,34,1
6,2,15.6,1,4,4,1.9,339.0,1000,0,0,0,100.45,32,1
2,2,15.6,1,4,1,1.86,297.0,500,0,0,0,100.45,14,0
6,2,15.6,4,8,4,2.32,599.0,1000,0,0,0,141.21,33,0
5,4,15.6,4,8,1,2.62,1199.0,1000,0,0,0,141.21,34,2
5,2,15.6,15,8,1,2.04,2250.68,0,256,1,1,282.42,33,2
2,2,15.6,4,4,1,1.91,478.89,0,256,0,0,141.21,8,0
8,4,17.3,4,16,1,2.7,1492.8,1000,256,0,0,127.34,34,2
6,1,14.0,4,12,1,1.4,2299.0,0,512,0,0,157.35,34,1
6,2,15.6,4,8,1,2.5,788.49,0,0,0,0,141.21,33,0
2,5,13.3,9,8,1,1.48,2041.0,0,512,1,0,220.84,34,1
6,1,14.0,4,8,1,1.7,1499.0,0,256,0,0,157.35,34,1
8,4,14.0,4,16,1,1.7,1769.0,1000,256,0,0,157.35,34,2
2,4,15.6,4,8,1,2.62,899.0,1000,0,0,1,141.21,34,2
6,2,15.6,1,8,1,2.2,459.0,1000,0,0,0,100.45,32,1
2,2,15.6,1,4,4,2.1,476.99,500,0,0,0,100.45,33,1
5,4,15.6,15,8,1,2.62,1498.0,1000,128,0,0,282.42,34,2
6,2,15.6,4,8,1,1.95,1390.0,0,256,0,1,141.21,33,1
6,2,15.6,4,4,1,2.2,468.0,1000,0,0,0,141.21,32,2
2,2,14.0,1,2,1,1.44,249.0,0,0,0,0,111.94,29,1
8,4,15.6,4,8,1,2.2,839.0,1000,0,0,1,141.21,34,2
2,2,15.6,4,8,1,1.96,679.0,0,256,0,0,141.21,34,1
2,2,15.6,4,16,1,2.1,1159.0,0,512,0,0,141.21,34,1
4,2,15.6,1,4,1,2.2,369.0,500,0,0,0,100.45,29,1
6,2,15.6,1,4,4,2.1,398.0,500,0,0,0,100.45,33,1
6,2,15.6,4,8,4,2.2,709.0,1000,0,0,0,141.21,34,2
4,2,14.0,4,4,1,2.0,769.0,0,256,0,0,157.35,32,1
6,2,15.6,4,4,1,2.32,825.0,0,0,0,0,141.21,34,1
6,4,15.6,4,16,1,3.31,1305.0,0,512,0,1,141.21,34,2
8,4,15.6,4,16,1,1.91,2153.37,1000,128,0,0,141.21,34,2
2,2,15.6,1,4,1,2.07,650.0,500,0,0,0,100.45,32,1
6,5,14.0,9,8,1,1.36,1637.0,0,256,1,1,209.8,33,1
6,1,15.6,4,6,1,1.54,831.0,0,256,0,0,141.21,34,2
5,2,15.6,4,8,3,1.98,895.01,0,256,0,0,141.21,34,2
3,2,15.6,1,4,1,2.1,333.0,500,0,0,0,100.45,29,1
2,2,15.6,4,6,1,2.18,799.0,1000,0,0,1,141.21,34,2
4,4,15.6,4,8,1,2.591,909.0,1000,256,0,1,141.21,34,2
5,5,15.6,4,16,1,2.09,1179.0,0,512,1,0,141.21,34,1
3,2,15.6,4,4,1,2.23,691.0,0,256,0,0,141.21,33,2
5,1,13.3,14,8,3,1.23,1099.0,0,256,1,0,276.05,33,1
3,4,17.3,4,16,1,4.2,2599.0,1000,256,0,1,127.34,34,2
6,4,15.6,4,8,1,2.4,819.0,1000,0,0,1,141.21,33,2
2,2,15.6,1,4,1,1.86,485.0,500,0,0,0,100.45,33,1
1,1,12.0,7,8,2,0.92,1163.0,0,0,0,1,226.42,31,1
5,5,13.3,4,8,1,1.6,1199.0,0,256,1,1,165.63,33,1
2,2,15.6,4,12,1,2.21,1327.0,1000,128,0,1,141.21,34,2
6,2,15.6,1,4,4,1.9,368.0,1000,0,0,0,100.45,32,0
4,4,17.3,4,16,1,4.3,2150.0,1000,512,0,1,127.34,34,2
3,2,15.6,1,4,3,2.1,272.0,1000,0,0,0,100.45,29,1
8,4,17.3,4,16,1,2.43,2048.9,1000,256,0,0,127.34,34,2
5,2,15.6,1,4,1,2.3,499.0,0,128,0,0,100.45,32,0
6,2,15.6,1,8,4,2.2,629.0,500,0,0,0,100.45,34,2
5,5,15.6,4,16,1,2.0,1285.0,0,512,1,0,141.21,34,1
5,1,13.3,14,16,1,1.2,2680.0,0,512,1,0,276.05,34,1
4,4,15.6,4,8,1,2.2,1169.0,1000,0,0,0,141.21,34,2
5,2,15.6,4,8,1,2.36,889.0,0,256,0,0,141.21,33,0
2,2,15.6,1,8,1,1.91,579.0,0,256,0,0,100.45,33,1
6,2,15.6,1,4,1,2.2,299.0,500,0,0,0,100.45,15,0
3,2,17.3,3,8,1,3.3,629.0,1000,0,0,0,106.11,32,2
4,4,15.6,4,16,1,2.2,2449.0,1000,256,0,0,141.21,34,2
1,1,12.0,7,8,2,0.92,1279.0,0,0,0,1,226.42,31,1
4,2,15.6,4,16,1,2.2,1749.0,1000,128,0,0,141.21,34,2
8,4,17.3,4,16,1,2.43,1948.99,1000,256,0,1,127.34,34,2
5,5,15.6,4,8,1,2.191,999.0,0,256,1,1,141.21,33,1
4,4,17.3,4,16,1,2.9,1949.0,1000,256,0,0,127.34,34,2
3,3,11.6,1,2,4,1.3,174.0,0,32,0,0,135.09,29,1
3,2,17.3,3,4,1,3.3,598.0,1000,0,0,0,106.11,32,2
6,2,17.3,3,8,4,2.8,539.0,1000,0,0,0,106.11,33,1
6,4,15.6,4,8,1,2.6,1272.0,1000,128,0,1,141.21,34,2
3,5,14.0,4,8,1,1.2,1149.0,0,256,1,1,157.35,34,1
6,2,15.6,4,8,1,2.3,1529.0,0,256,0,1,141.21,34,1
8,4,15.6,4,8,1,2.2,1476.11,1000,128,0,0,141.21,34,2
2,2,15.6,4,6,1,2.1,529.0,1000,0,0,0,141.21,4,0
5,1,12.5,4,8,1,1.26,1713.37,0,256,1,0,176.23,33,1
5,5,15.0,4,4,1,2.08,509.0,500,0,1,0,146.86,32,1
4,2,15.6,1,4,1,2.65,309.0,1000,0,0,0,100.45,36,1
5,1,13.3,14,8,1,1.29,1477.0,0,256,1,0,276.05,34,1
5,2,15.6,1,4,3,2.18,521.86,1000,0,0,0,100.45,33,1
6,4,15.6,4,16,1,2.6,1029.0,1000,128,1,1,141.21,34,2
8,4,15.6,4,8,1,2.2,1149.0,1000,128,0,0,141.21,34,2
6,3,12.5,4,16,1,1.3,1650.0,0,512,1,1,176.23,34,1
14,4,14.0,4,16,1,1.95,3499.0,0,1000,0,0,157.35,34,2
5,2,15.6,1,8,1,2.3,469.01,1000,0,1,0,100.45,32,1
8,4,17.3,4,16,1,2.7,1598.0,1000,256,0,0,127.34,34,2
1,1,11.6,1,4,2,1.08,959.0,0,0,0,0,135.09,33,1
2,2,15.6,4,4,1,2.1,478.0,1000,0,0,0,141.21,32,1
2,1,14.0,9,8,1,1.54,2198.19,0,256,0,0,209.8,34,1
5,2,15.6,1,4,1,2.24,737.0,500,0,0,0,100.45,33,1
8,4,15.6,4,8,1,2.3,1169.0,1000,128,0,0,141.21,34,2
6,2,13.3,4,16,1,1.4,1499.0,0,512,0,1,165.63,34,1
6,2,15.6,4,6,1,2.2,597.57,0,256,0,0,141.21,4,0
4,1,13.3,4,8,1,1.45,1280.0,0,256,0,0,165.63,34,1
3,2,15.6,1,4,3,2.4,361.8,500,0,0,0,100.45,32,1
5,5,17.3,4,16,1,2.77,1799.0,0,512,1,0,127.34,34,2
2,2,14.0,4,4,1,1.54,1099.99,0,256,0,0,157.35,33,1
4,4,15.6,4,16,1,2.5,1600.0,1000,256,0,1,141.21,34,2
5,2,14.0,1,4,1,1.6,875.0,500,0,0,0,111.94,33,1
4,4,15.6,4,16,1,2.34,2325.0,1000,256,0,1,141.21,34,2
6,2,15.6,4,8,4,2.3,573.0,0,256,0,1,141.21,33,1
5,5,13.3,14,8,1,1.24,1813.0,0,256,1,0,276.05,33,1
5,2,15.6,1,4,3,2.2,324.0,500,0,0,0,100.45,36,1
2,2,15.6,1,4,1,1.86,399.0,500,0,0,0,100.45,7,0
6,2,15.6,4,6,1,2.4,569.0,0,128,0,0,141.21,32,2
6,2,14.0,4,8,1,1.9,1072.0,0,256,0,1,157.35,33,1
5,2,15.6,1,4,1,2.2,443.99,500,0,0,0,100.45,36,1
4,2,15.6,1,4,1,2.0,339.0,1000,0,0,0,100.45,29,1
4,4,17.3,4,16,1,4.0,1900.0,1000,128,0,1,127.34,34,2
5,2,15.6,1,4,1,2.29,490.0,500,0,0,0,100.45,32,1
6,2,15.6,4,8,1,2.32,895.0,0,0,0,0,141.21,34,0
8,4,15.6,4,8,1,2.4,1229.0,1000,128,0,0,141.21,34,2
6,5,14.0,4,4,1,1.8,833.01,0,128,1,0,157.35,33,1
4,1,13.3,4,8,1,1.2,729.0,0,512,0,1,165.63,31,1
5,2,15.6,1,6,1,2.3,459.0,1000,0,0,0,100.45,32,1
3,2,15.6,1,4,3,2.4,289.0,500,0,0,0,100.45,29,1
5,2,15.6,1,2,1,2.2,379.0,500,0,0,0,100.45,29,1
6,2,15.6,4,8,1,2.6,899.0,1000,0,0,1,141.21,34,2
2,2,15.6,4,6,1,2.04,549.99,0,0,0,0,141.21,10,0
5,2,15.6,1,8,3,2.3,805.99,1000,0,0,0,100.45,34,0
2,3,11.6,1,2,1,1.17,209.0,0,0,0,0,135.09,29,1
4,2,15.6,1,4,1,2.2,720.32,500,0,0,0,100.45,34,2
6,5,14.0,4,4,1,1.8,638.0,0,128,1,1,157.35,34,1
6,5,13.3,14,16,1,1.3,1499.0,0,512,1,1,276.05,34,1
6,2,14.0,1,2,1,1.5,229.0,0,0,0,0,111.94,29,1
2,2,15.6,1,6,1,2.19,764.0,1000,0,0,0,100.45,34,0
4,2,15.6,1,4,1,2.2,369.0,500,0,0,0,100.45,29,1
4,1,13.3,4,8,1,1.2,729.0,0,512,0,1,165.63,31,1
5,2,15.6,1,6,1,2.3,459.0,1000,0,0,0,100.45,32,1
3,2,15.6,1,4,3,2.4,289.0,500,0,0,0,100.45,29,1
5,2,15.6,1,2,1,2.2,379.0,500,0,0,0,100.45,29,1
6,2,15.6,4,8,1,2.6,899.0,1000,0,0,1,141.21,34,2
2,2,15.6,4,6,1,2.04,549.99,0,0,0,0,141.21,10,0
5,2,15.6,1,8,3,2.3,805.99,1000,0,0,0,100.45,34,0
2,3,11.6,1,2,1,1.17,209.0,0,0,0,0,135.09,29,1
4,2,15.6,1,4,1,2.2,720.32,500,0,0,0,100.45,34,2
6,5,14.0,4,4,1,1.8,638.0,0,128,1,1,157.35,34,1
6,5,13.3,14,16,1,1.3,1499.0,0,512,1,1,276.05,34,1
6,2,14.0,1,2,1,1.5,229.0,0,0,0,0,111.94,29,1
2,2,15.6,1,6,1,2.19,764.0,1000,0,0,0,100.45,34,0
4,2,15.6,1,4,1,2.2,369.0,500,0,0,0,100.45,29,1
4,1,13.3,4,8,1,1.2,729.0,0,512,0,1,165.63,31,1
5,2,15.6,1,6,1,2.3,459.0,1000,0,0,0,100.45,32,1
3,2,15.6,1,4,3,2.4,289.0,500,0,0,0,100.45,29,1
5,2,15.6,1,2,1,2.2,379.0,500,0,0,0,100.45,29,1
6,2,15.6,4,8,1,2.6,899.0,1000,0,0,1,141.21,34,2
2,2,15.6,4,6,1,2.04,549.99,0,0,0,0,141.21,10,0
5,2,15.6,1,8,3,2.3,805.99,1000,0,0,0,100.45,34,0
2,3,11.6,1,2,1,1.17,209.0,0,0,0,0,135.09,29,1
4,2,15.6,1,4,1,2.2,720.32,500,0,0,0,100.45,34,2
6,5,14.0,4,4,1,1.8,638.0,0,128,1,1,157.35,34,1
6,5,13.3,14,16,1,1.3,1499.0,0,512,1,1,276.05,34,1
6,2,14.0,1,2,1,1.5,229.0,0,0,0,0,111.94,29,1
2,2,15.6,1,6,1,2.19,764.0,1000,0,0,0,100.45,34,0
4,2,15.6,1,4,1,2.2,369.0,500,0,0,0,100.45,29,1
